SQ1,SQ2,SQ3,SQ5,SQ7,SQ8,Q2_7,Q2_8,Q2_9,Q2_10,Q4_1,Q5_2,Q7_1,Q7_2,Q7_3,Q7_4,Q7_5,Q7_6,Q7_7,Q12_2,Q14_2,Q17,Q18,Q19,Q20,Q22,Q23,Q28,Q29,Q30,Q31,Q38,Q39,Q41
2,33,11,7,21,2,8,8,10,9,1,1,9,8,9,9,9,9,9,18,2,14,1,1,1,2,1,1,8,2,1,2,6,1
2,45,40,7,21,2,7,6,5,6,3,3,7,5,6,7,8,6,7,3,2,35,4,1,2,2,1,1,8,3,2,4,3,3
1,42,14,7,8,2,7,7,8,7,2,9,6,6,5,6,6,6,6,18,24,30,3,5,1,1,2,1,24,2,3,1,3,6
1,47,34,7,8,2,9,8,9,9,2,7,8,8,8,8,9,9,9,4,12,5,1,3,1,1,2,1,8,3,1,5,3,11
1,51,23,7,25,2,7,7,7,7,2,3,7,6,6,7,6,7,6,18,2,20,1,3,1,1,2,5,,,3,1,8,2
1,41,13,7,24,1,9,9,9,7,1,9,7,8,7,10,8,8,10,18,28,60,1,15,4,1,2,3,,,4,1,8,2
1,57,13,7,8,2,8,8,8,8,2,11,8,8,8,8,8,8,8,18,28,20,1,5,1,3,2,1,8,1,1,1,5,4
2,34,4,8,8,1,5,5,5,5,3,7,5,6,5,5,5,5,5,6,12,120,2,1,3,2,2,1,8,2,2,2,7,5
1,46,42,7,2,2,7,7,8,7,2,7,8,7,7,7,9,7,7,17,21,2,3,2,3,1,1,7,,,4,2,4,9
2,30,6,7,12,1,6,6,7,5,3,2,6,6,7,5,6,6,7,5,8,60,4,5,3,3,2,5,,,1,6,3,5
1,56,13,7,21,1,5,5,5,5,3,9,5,5,5,5,5,5,5,18,2,30,5,3,1,1,2,1,2,2,3,6,3,11
1,29,27,7,24,1,5,4,5,4,3,9,7,6,6,5,7,5,5,18,28,120,3,10,4,3,2,1,12,3,4,6,3,8
2,48,13,7,8,2,5,5,5,5,2,10,6,5,5,5,5,5,5,18,28,10,1,2,1,1,1,1,8,2,1,6,3,6
2,43,27,7,8,2,6,5,6,5,2,4,8,8,7,7,8,6,7,18,28,1,4,1,2,1,1,1,28,,2,6,2,3
2,43,13,7,25,2,5,5,6,5,3,10,5,5,4,5,5,5,5,18,2,15,1,3,1,1,2,1,25,1,4,1,3,5
2,29,13,7,25,1,8,6,8,8,2,8,8,7,4,8,5,8,7,18,27,60,1,5,4,1,2,1,27,6,4,4,3,9
1,41,28,8,8,1,7,7,8,8,2,9,7,8,7,8,7,7,7,18,28,20,2,20,7,3,1,1,8,4,2,2,3,14
1,37,11,7,25,2,8,8,8,8,2,9,8,8,6,8,7,8,8,18,8,10,1,2,1,1,1,1,8,1,3,2,3,9
2,33,11,7,27,2,6,6,6,6,2,11,6,5,5,5,7,5,7,11,2,180,3,1,1,1,2,1,2,6,1,4,6,14
2,49,40,7,27,2,10,10,10,10,1,5,10,10,10,10,10,10,10,2,2,10,3,3,1,1,2,9,,,1,1,3,2
2,32,27,7,8,2,8,8,8,8,2,2,6,8,7,9,7,7,9,6,25,45,1,3,1,1,1,1,8,6,1,2,8,6
1,55,13,8,2,2,8,8,10,9,2,7,8,8,7,8,9,9,8,2,24,40,2,3,1,1,2,1,28,,3,5,5,14
2,41,13,7,8,2,4,5,5,6,2,9,7,6,6,7,5,6,7,18,28,15,1,3,3,1,2,1,8,1,1,2,3,8
2,32,35,7,8,1,6,8,3,7,3,16,5,7,6,4,8,6,6,14,17,30,6,5,4,1,3,10,,,1,1,3,14
1,44,12,7,8,2,6,7,5,5,3,10,5,5,6,6,6,5,6,18,28,20,6,5,1,1,3,1,28,,4,2,3,7
2,37,24,7,8,1,7,5,7,7,2,4,8,8,7,6,8,8,8,15,2,30,1,3,2,1,3,1,8,2,3,2,7,3
2,22,13,7,2,1,7,7,7,7,3,11,7,6,6,6,6,7,7,16,8,7,1,3,4,1,3,1,21,3,1,4,2,14
2,30,26,7,8,1,7,8,7,7,1,1,10,8,8,7,8,9,8,2,12,30,1,3,2,2,2,7,,,1,2,3,10
1,33,12,7,25,2,7,7,7,8,2,16,8,7,6,6,7,6,7,4,8,30,3,10,1,1,3,1,25,1,3,1,3,3
2,47,14,7,8,1,6,6,10,10,1,13,9,8,8,8,8,8,9,18,28,30,4,5,1,1,3,1,8,2,2,6,3,4
1,59,11,7,2,2,2,2,2,2,5,19,1,1,1,1,1,1,1,18,28,14,1,2,1,1,2,10,,,4,2,3,5
2,36,24,7,8,1,7,7,7,7,2,19,7,7,7,7,7,7,7,2,28,60,4,2,1,2,1,1,8,4,2,4,3,14
2,46,12,7,8,1,3,5,7,5,3,19,10,8,6,4,5,3,10,18,28,10,1,20,1,2,2,1,8,3,2,5,2,14
2,33,12,7,25,2,7,6,6,7,2,11,5,5,5,8,6,9,8,3,8,60,1,2,3,1,2,1,8,2,3,2,7,7
2,33,24,7,8,1,10,10,9,10,1,9,10,10,10,10,10,9,9,5,28,7,1,1,2,1,2,1,8,2,4,6,7,10
1,41,11,7,25,1,7,8,10,10,1,10,10,10,6,7,7,10,6,18,8,20,1,2,2,1,2,1,28,,3,1,2,4
1,51,26,8,8,1,4,5,5,4,3,10,8,7,6,8,9,9,8,8,28,30,4,10,1,1,2,4,,,4,2,6,14
2,45,11,7,8,1,8,7,6,7,2,10,7,7,6,7,8,5,7,6,28,60,1,3,1,1,2,1,8,3,1,4,8,14
1,36,27,7,8,2,4,8,7,8,2,9,8,6,4,4,6,7,7,5,2,60,2,5,1,1,2,1,8,3,1,2,3,14
2,33,26,7,25,1,6,7,7,7,3,9,6,6,6,6,6,6,6,18,28,30,3,10,1,2,2,5,,,2,1,2,2
1,47,14,7,8,1,5,5,5,5,3,7,5,5,5,5,5,5,5,18,28,20,1,5,4,1,2,1,8,1,1,6,3,8
2,38,11,7,8,2,10,9,10,10,2,11,10,9,8,9,8,9,8,2,1,60,3,3,1,1,1,1,8,2,3,1,4,14
2,40,20,7,27,1,8,8,9,9,1,1,10,9,10,10,10,9,10,11,28,30,3,3,3,1,2,7,,,1,4,3,3
2,34,22,7,8,1,8,8,8,8,2,13,8,8,8,8,8,8,8,6,2,40,1,3,1,1,2,1,8,6,2,1,3,3
2,32,11,7,25,1,7,8,7,8,3,11,5,6,5,6,6,6,5,18,8,60,4,3,1,1,2,5,,,1,1,3,3
1,39,12,7,8,2,1,4,4,5,3,7,5,5,5,5,5,5,5,18,28,30,2,5,1,1,2,1,8,1,3,1,9,1
1,54,40,7,8,2,5,5,7,7,3,9,6,6,6,6,6,6,6,18,28,10,1,3,1,1,1,1,8,2,1,6,3,6
2,47,40,7,8,2,5,5,5,5,3,11,9,5,5,5,5,5,8,18,2,10,1,5,1,1,1,1,25,10,1,6,8,14
1,61,11,7,8,1,5,7,7,6,3,7,7,5,4,7,5,7,7,18,2,7,1,7,2,2,2,1,8,10,2,2,2,14
1,48,15,7,8,1,7,7,8,8,2,9,8,8,8,8,8,8,8,5,12,10,1,4,2,1,2,1,8,4,3,1,3,10
1,44,13,7,8,2,6,6,8,8,2,9,8,7,7,8,6,8,7,18,25,30,3,7,3,1,2,1,8,6,4,1,3,4
2,36,11,7,8,1,5,5,5,5,2,2,6,6,6,6,6,6,6,4,2,30,1,3,1,1,2,1,8,1,1,1,1,9
2,41,14,7,24,1,7,7,7,10,2,16,6,6,6,6,6,6,6,18,28,5,3,2,1,1,2,1,24,1,1,1,3,4
2,39,27,7,25,1,8,7,7,7,2,13,9,8,7,9,8,7,8,1,2,21,2,3,1,1,2,2,,,4,1,3,3
1,46,12,7,8,2,1,1,5,1,5,7,8,7,7,9,8,8,9,6,24,15,1,3,3,1,1,1,8,6,4,1,9,2
1,45,13,7,8,2,6,6,7,7,2,10,7,7,5,7,5,6,6,18,2,30,4,3,1,1,2,1,8,3,1,1,3,14
1,36,11,7,8,2,8,7,8,8,2,3,8,8,8,8,7,9,8,1,12,20,2,5,4,3,1,1,12,3,3,1,3,7
2,25,23,7,25,1,5,5,4,5,3,2,5,5,5,5,5,5,5,2,27,30,4,3,3,1,2,1,28,,1,1,3,14
1,69,40,7,8,1,7,6,7,6,2,4,7,6,5,6,6,6,7,18,21,10,3,3,1,1,1,1,4,6,4,1,9,2
1,32,19,8,2,2,10,7,8,6,2,11,8,5,1,8,6,5,5,18,8,365,4,3,2,2,3,1,28,,2,1,3,4
1,55,26,8,8,2,10,10,9,10,1,2,10,10,9,10,10,10,10,6,21,90,7,30,4,2,2,4,,,2,8,4,7
1,32,24,7,25,1,6,6,6,6,2,5,6,6,6,6,6,6,6,18,28,7,1,1,3,1,2,5,,,1,1,3,4
2,34,11,7,27,2,10,8,8,7,2,11,8,9,7,8,8,8,8,18,8,1,1,2,1,1,2,2,,,3,6,8,1
2,34,17,8,2,2,5,6,6,6,3,9,6,6,6,5,5,5,5,18,28,30,1,2,1,1,3,1,28,,3,6,7,10
1,40,47,7,7,1,7,7,8,8,2,11,8,8,8,7,8,8,8,6,8,15,2,3,1,3,2,11,,,2,6,3,3
2,23,4,8,8,2,7,7,8,6,2,13,9,8,3,7,6,8,9,6,2,60,1,15,2,1,2,1,8,6,4,1,3,1
1,22,23,7,25,2,6,6,6,6,2,9,6,6,6,6,6,6,6,6,8,30,1,5,1,1,2,1,28,,1,1,3,14
1,36,14,7,8,2,7,5,4,5,4,4,4,4,5,3,4,5,4,1,12,60,1,3,2,1,2,1,8,3,3,1,3,4
2,45,27,7,25,2,1,3,5,5,3,10,6,5,5,6,6,6,8,18,12,60,2,5,2,1,2,1,12,6,1,1,8,2
1,40,13,7,25,2,7,7,7,7,2,9,6,6,6,7,8,7,5,5,8,90,3,20,2,1,2,1,8,1,3,1,3,8
2,26,40,7,8,1,7,7,7,7,2,7,8,7,7,7,7,7,7,4,24,20,3,5,3,1,2,1,8,4,4,4,3,3
2,40,14,7,2,1,8,8,8,8,1,9,10,10,5,8,10,8,10,18,8,15,1,3,2,1,2,1,8,2,3,1,3,2
2,39,14,7,25,1,8,8,7,7,2,11,6,7,8,10,10,10,10,18,2,20,1,2,1,1,2,1,28,,3,1,3,3
1,40,13,7,21,1,9,9,8,8,1,1,10,9,9,9,10,10,10,1,8,10,1,5,2,1,1,1,21,1,3,4,3,7
2,33,12,7,8,1,4,4,5,5,3,18,5,5,5,5,5,5,5,15,10,60,3,5,3,2,2,9,,,2,1,8,2
1,34,27,7,2,2,8,8,8,7,2,11,7,6,4,7,6,6,8,5,8,10,2,7,1,1,2,1,2,1,1,1,3,6
1,37,13,7,24,2,9,9,9,9,2,9,9,9,9,8,8,8,8,18,28,90,3,10,5,2,1,1,24,1,2,1,2,5
2,35,7,7,8,1,10,10,10,10,2,2,10,10,5,10,10,5,10,18,2,7,1,4,5,5,2,1,8,3,2,1,3,3
1,40,4,7,8,1,10,10,10,10,3,4,6,6,6,6,6,5,6,18,28,30,1,3,1,1,3,1,8,1,1,2,3,5
2,40,37,7,9,1,7,6,7,7,2,11,4,6,10,7,7,7,6,18,6,15,1,10,5,1,2,1,6,6,3,6,7,7
2,37,12,7,8,2,7,9,8,7,2,11,8,7,6,8,7,8,9,6,28,60,3,3,3,1,2,1,8,2,1,4,8,4
2,55,1,7,24,1,9,9,7,8,3,9,4,5,7,8,6,4,9,5,8,10,1,3,1,1,1,1,8,6,4,2,7,2
1,57,27,7,8,1,9,9,9,10,1,9,9,9,9,9,9,9,9,13,28,77,3,5,3,1,2,1,8,2,1,1,3,6
2,52,14,7,8,2,7,8,10,8,2,11,8,8,8,8,8,7,8,5,28,3,4,5,1,1,2,1,8,1,4,6,3,5
2,22,46,7,8,1,5,7,9,8,2,13,7,7,4,4,10,5,6,6,12,10,1,3,1,3,2,1,8,2,2,1,3,2
2,39,4,7,8,1,8,8,9,9,2,9,9,9,9,9,9,9,9,9,24,30,1,5,2,2,2,1,8,6,2,1,3,4
1,65,34,8,8,2,6,7,6,6,2,7,7,6,6,6,6,7,6,18,2,40,1,10,1,1,3,1,2,2,1,6,8,7
2,35,25,7,27,1,8,8,8,8,2,10,9,8,8,8,8,8,8,18,28,180,4,3,1,1,2,1,28,,3,2,7,5
1,60,23,7,8,2,8,8,8,8,2,7,8,8,8,8,8,8,8,18,28,3,1,3,2,1,2,1,8,2,3,1,2,5
2,50,13,7,25,1,7,7,7,7,2,16,8,9,3,8,7,9,8,2,8,45,1,10,6,1,1,1,8,6,1,1,3,14
1,38,11,7,24,1,5,5,5,5,3,9,5,5,5,5,5,5,5,18,2,7,2,3,2,1,3,1,2,3,1,1,3,6
1,37,13,7,25,1,5,7,7,6,2,8,5,6,6,7,5,7,6,4,8,30,1,5,1,2,2,5,,,3,1,8,14
2,25,40,7,8,1,8,7,10,8,2,2,8,8,8,8,7,9,6,11,28,10,7,2,2,1,2,2,,,1,1,3,14
1,37,8,7,8,1,6,6,8,7,2,13,8,8,6,8,6,7,7,14,12,20,1,5,3,1,2,1,2,6,2,1,4,5
1,31,31,7,14,1,6,6,6,6,2,13,5,5,5,5,5,5,5,18,1,15,1,2,3,1,2,1,1,6,3,1,5,2
2,37,13,7,8,1,5,3,3,3,2,18,7,5,5,5,5,7,7,18,25,50,2,2,4,2,2,1,8,1,2,1,3,5
2,32,27,7,27,2,7,7,6,6,2,11,7,7,8,8,7,7,9,18,28,60,4,3,1,2,2,1,28,,2,6,3,8
1,46,27,7,8,1,8,9,9,9,2,10,9,9,7,8,8,9,9,6,2,30,2,5,1,1,1,1,2,6,4,1,9,3
2,29,13,7,8,1,5,5,5,5,2,11,5,5,5,5,5,5,5,18,28,30,3,5,1,1,2,1,8,1,3,2,7,7
1,45,38,7,24,1,7,6,6,6,2,13,7,7,5,7,7,7,7,18,28,30,1,3,1,3,2,11,,,2,1,3,7
2,45,23,7,27,1,7,7,7,7,2,13,7,6,6,7,7,7,7,4,27,7,4,10,1,1,2,2,,,3,5,3,4
1,43,24,7,8,2,7,8,8,7,2,2,8,7,7,7,8,7,7,18,28,60,5,10,1,1,1,1,8,3,1,1,3,5
1,41,12,7,8,1,4,6,6,6,2,10,6,5,4,6,5,6,5,18,28,30,2,3,2,1,2,1,8,6,1,1,2,14
1,53,13,7,24,1,5,3,8,6,3,8,8,8,3,8,6,7,9,18,8,30,1,10,6,6,1,1,28,,2,3,6,4
2,28,15,7,8,1,5,5,5,5,3,18,6,5,5,5,5,5,5,18,28,60,2,2,2,1,2,1,28,,1,2,7,4
2,41,27,7,8,1,5,5,5,5,3,8,5,5,5,5,5,5,5,1,28,60,4,3,2,2,2,1,28,,2,6,7,14
1,35,23,7,8,1,9,9,9,9,2,5,9,9,9,9,9,9,9,14,12,20,2,7,5,1,2,1,8,3,1,4,3,6
2,30,27,7,2,1,5,6,6,6,3,16,5,5,5,5,5,5,5,4,8,60,3,5,2,2,1,1,2,2,2,1,3,6
2,32,6,7,8,2,7,7,7,5,2,9,6,6,6,6,6,6,7,6,2,90,2,3,3,1,2,1,8,1,1,6,8,4
2,22,13,7,27,1,8,6,8,7,2,19,7,7,8,7,8,7,8,18,28,30,4,3,3,1,3,1,28,,1,1,3,2
2,28,35,7,27,2,6,6,7,7,3,8,7,7,7,6,6,6,5,9,8,20,3,3,1,2,2,7,,,4,1,8,2
2,40,38,7,8,1,6,6,6,6,3,2,6,6,6,6,6,6,6,18,28,60,5,3,2,1,2,5,,,2,2,2,14
2,60,27,7,12,2,3,9,7,7,2,8,10,10,7,7,7,8,8,18,28,3,1,2,2,1,2,1,28,,1,2,8,5
2,54,13,7,8,2,5,5,5,5,3,13,5,5,5,5,5,5,5,18,12,120,3,5,1,1,2,1,8,3,1,6,7,14
1,40,13,7,25,1,7,7,8,7,2,13,7,6,7,7,6,7,7,4,2,7,1,2,3,1,2,3,,,3,1,4,3
2,30,13,7,8,1,5,6,7,7,2,8,6,7,6,7,6,7,6,2,28,20,1,3,1,1,2,1,8,4,2,2,8,5
1,60,14,8,8,1,9,9,8,8,2,11,8,7,4,9,8,8,8,5,24,14,1,4,1,1,2,1,8,3,4,6,10,4
1,36,8,7,2,1,7,8,8,7,2,15,8,7,7,7,7,7,6,18,25,14,3,3,2,3,2,1,2,3,2,1,3,8
1,44,22,7,24,2,5,6,3,3,3,1,7,10,5,5,6,6,8,5,8,7,7,0,1,1,3,2,,,4,6,3,5
2,46,13,7,24,2,10,10,10,10,1,16,10,10,10,10,10,10,10,18,8,20,1,1,1,1,2,1,8,6,4,2,7,7
2,39,21,8,25,1,7,10,10,10,1,11,6,9,8,10,10,9,10,6,2,90,2,10,7,3,2,5,,,2,2,4,8
1,38,46,7,8,2,7,7,7,7,3,10,6,6,7,6,6,6,7,18,28,90,3,3,1,2,2,1,8,2,2,1,5,14
2,45,28,7,21,2,6,6,6,6,2,11,6,6,6,6,6,6,6,5,9,60,4,5,1,1,2,1,4,6,1,2,7,7
2,55,40,7,27,2,8,8,5,6,2,9,8,8,8,7,8,8,9,2,8,10,1,3,1,3,1,2,,,2,1,8,14
2,31,19,7,2,1,8,6,7,7,2,10,8,7,6,8,7,7,8,14,8,90,3,5,1,1,1,1,8,6,4,6,7,5
1,45,33,7,21,1,5,6,4,4,2,3,8,6,4,5,5,4,5,1,8,5,1,3,1,1,2,1,2,2,2,1,3,5
2,26,14,7,27,1,6,6,6,7,2,11,7,8,7,6,7,6,7,4,8,60,3,5,6,1,2,1,27,3,1,1,2,14
1,47,13,7,25,2,7,7,6,7,2,9,6,7,6,6,6,6,6,17,4,40,3,2,2,1,2,11,,,1,1,3,5
2,54,12,7,25,2,6,6,7,7,3,2,4,4,5,5,5,5,5,18,8,120,3,10,3,1,3,1,8,4,3,2,8,4
1,32,40,7,8,1,7,7,7,7,3,1,6,6,6,6,6,6,7,4,2,180,2,3,5,1,1,1,8,3,2,2,3,2
1,53,13,7,24,1,6,5,7,6,3,4,6,6,6,6,6,6,6,18,8,60,2,2,1,1,3,2,,,3,1,3,7
1,39,27,7,24,2,6,6,6,6,2,2,6,6,6,6,6,6,6,4,1,90,1,2,1,1,2,5,,,4,2,3,8
1,27,38,7,8,1,8,8,8,8,2,1,7,8,7,7,7,7,7,1,9,7,1,10,2,1,3,1,8,9,1,2,3,4
2,40,40,7,12,2,5,6,5,6,3,8,5,5,5,5,5,5,5,18,8,30,1,2,1,1,3,1,28,,4,6,8,2
2,28,32,7,8,1,7,6,9,9,2,9,7,8,5,5,7,7,7,18,2,15,1,2,2,1,1,1,8,2,5,2,7,14
2,27,26,7,24,1,6,6,6,6,4,7,7,4,3,4,4,3,3,18,8,60,2,3,2,1,2,1,8,2,1,2,3,5
2,25,3,7,8,2,8,8,8,8,2,3,8,8,7,8,8,7,8,2,2,60,4,3,1,1,2,1,8,3,1,4,3,4
1,40,47,7,25,1,5,10,10,10,2,8,10,10,10,10,10,10,10,5,8,45,4,4,1,1,2,4,,,1,2,3,14
2,30,14,7,8,1,7,8,8,8,2,9,8,8,8,8,8,8,7,18,28,45,1,3,4,1,2,1,28,,1,2,7,5
2,42,13,7,8,1,6,6,6,6,2,3,7,7,6,7,6,7,7,3,2,60,1,6,4,1,2,1,8,3,1,1,3,5
2,40,11,7,8,2,6,6,8,8,3,7,6,6,5,7,7,5,6,5,28,15,1,3,1,1,2,1,8,2,4,6,7,4
2,39,47,7,8,2,5,5,6,5,2,13,7,6,8,6,7,6,7,18,9,60,4,10,1,1,2,1,28,,1,1,2,1
2,32,13,7,2,2,7,3,7,6,3,7,6,6,6,6,6,6,6,18,12,90,6,5,2,1,3,2,,,3,1,3,6
2,40,28,7,8,1,10,10,10,10,1,9,10,10,10,10,10,10,10,9,28,60,4,3,1,1,2,7,,,1,2,3,11
2,68,27,7,12,2,7,7,7,7,3,11,8,7,7,7,8,8,8,6,28,30,3,3,1,1,2,6,,,1,6,8,5
1,51,24,7,20,1,6,6,6,6,3,2,6,6,6,6,6,6,6,18,28,7,3,5,2,1,2,1,28,,1,1,3,6
1,32,2,8,8,2,6,6,6,8,3,11,8,7,8,8,6,8,10,18,11,14,1,3,4,1,2,1,8,3,4,6,3,7
2,33,41,7,2,1,7,7,7,7,2,13,6,7,6,6,7,6,7,10,28,30,3,2,1,1,3,8,,,4,6,8,4
1,30,14,7,8,2,8,8,8,7,2,9,8,7,6,7,7,8,7,18,28,7,3,2,1,3,2,1,8,1,1,1,2,3
2,44,13,7,8,2,8,8,9,8,2,11,8,8,4,6,8,8,8,3,28,30,1,5,2,1,2,1,8,2,4,2,3,9
2,54,14,7,2,1,7,6,7,6,2,14,7,7,6,6,7,7,6,18,8,60,1,3,3,2,1,3,,,3,1,8,3
1,39,11,7,8,1,8,7,8,7,2,7,6,6,7,7,7,7,7,6,2,30,1,3,2,1,3,1,8,6,1,6,4,7
2,39,40,7,8,1,5,6,6,5,3,2,5,5,5,4,6,5,5,4,28,20,3,2,3,2,1,6,,,2,1,3,4
1,36,14,7,24,2,2,2,2,2,3,11,6,6,6,3,6,6,5,18,8,30,2,2,2,1,1,1,8,2,3,2,3,10
1,51,28,7,8,1,5,5,5,5,3,11,5,5,5,5,5,5,5,18,28,7,2,5,1,1,2,1,8,2,1,2,3,10
1,57,14,7,8,2,5,5,6,6,3,10,5,6,6,5,5,6,5,4,28,60,1,10,2,1,2,1,28,,4,1,9,1
2,36,13,7,20,2,8,8,8,8,2,19,7,7,7,7,8,7,7,5,28,20,3,3,1,1,2,4,,,4,1,3,4
1,43,28,7,25,1,1,5,5,5,4,9,5,5,3,3,5,3,3,5,8,14,1,3,1,1,2,1,8,6,4,1,3,6
2,33,4,7,27,2,5,5,7,7,2,13,8,7,6,6,8,7,8,18,2,30,4,5,1,5,3,1,2,10,3,6,8,6
1,38,22,7,8,1,5,7,7,8,2,7,8,5,5,10,8,10,8,5,2,75,1,3,3,1,2,1,8,6,4,2,3,8
2,26,12,7,8,1,7,7,7,7,2,13,8,8,7,7,8,8,8,3,28,30,1,5,1,1,2,1,8,3,2,1,4,6
2,69,2,7,9,2,8,8,8,8,2,8,7,7,7,7,7,8,8,17,21,30,3,1,1,1,2,11,,,1,1,9,2
2,31,13,7,25,2,8,8,7,6,2,13,6,6,6,6,6,8,6,18,8,45,1,2,1,1,2,1,25,1,1,1,3,5
2,51,14,7,6,1,9,8,9,7,3,9,7,7,5,8,8,8,9,4,28,60,1,5,1,1,2,1,6,6,1,5,2,3
2,25,27,7,24,1,8,8,8,6,2,11,6,8,5,8,5,7,7,15,8,60,3,6,3,1,2,9,,,1,1,8,3
1,35,23,7,8,2,8,8,8,8,2,9,8,8,8,8,8,8,8,5,2,10,1,2,1,2,2,1,8,1,2,6,4,10
1,27,13,7,9,1,8,9,10,7,1,3,8,9,6,10,9,10,9,14,8,21,3,3,2,1,2,5,,,4,1,3,5
2,32,13,7,8,1,3,4,4,5,3,19,5,6,4,7,7,6,7,3,28,20,1,5,4,1,2,10,,,4,6,5,9
2,24,23,7,27,2,8,6,7,8,2,8,8,8,8,8,8,8,9,2,28,60,2,10,6,4,2,9,,,1,1,1,6
2,21,27,8,8,1,3,5,4,3,3,13,5,4,6,5,5,6,5,9,28,1,1,5,4,3,3,1,28,,2,6,7,1
1,37,14,7,21,2,7,7,7,6,2,2,7,7,7,7,7,7,7,4,12,60,3,30,1,1,3,11,,,4,1,4,3
1,58,14,7,8,2,5,5,5,5,3,1,6,6,5,6,6,6,6,4,2,28,1,3,2,2,3,1,2,3,4,1,3,6
1,36,14,7,8,1,6,6,7,7,2,11,7,7,6,7,6,7,7,18,28,60,1,4,1,1,2,1,8,3,3,1,3,6
2,24,40,7,8,1,8,7,9,8,1,11,9,8,9,8,8,7,8,18,28,60,3,5,1,2,1,1,8,10,2,6,7,3
2,54,27,7,12,2,6,6,5,8,3,13,7,8,6,8,8,6,8,5,25,10,1,3,2,1,1,4,,,4,7,8,7
2,39,25,7,8,2,8,8,8,8,2,19,8,8,8,8,8,8,8,18,28,15,1,6,1,3,2,1,8,3,2,2,7,7
1,42,1,7,27,2,10,10,10,10,2,9,7,7,7,7,8,8,8,2,8,60,1,8,7,1,1,9,,,1,2,3,11
2,37,13,7,8,1,8,8,8,8,2,11,9,7,6,9,6,8,9,6,12,30,1,4,3,1,3,1,8,3,4,5,8,4
1,50,14,7,25,2,7,7,7,7,3,7,7,7,7,7,7,7,7,18,28,30,1,3,3,1,2,1,25,1,4,1,3,4
2,31,27,7,2,2,7,6,6,7,2,7,8,8,8,8,7,8,8,18,8,30,2,1,1,1,2,1,8,6,1,1,3,4
2,32,21,7,24,1,6,8,8,7,2,5,7,8,5,7,7,6,7,2,26,2,1,2,1,1,2,3,,,2,5,7,4
2,39,40,7,8,1,1,1,8,5,3,9,8,6,4,10,7,9,6,18,28,180,4,3,3,1,1,1,8,2,4,1,3,10
1,48,10,7,26,2,5,4,5,5,3,3,5,5,5,5,5,5,5,18,2,30,7,2,1,1,3,1,2,6,2,6,3,10
1,22,12,7,1,1,10,9,10,10,1,2,10,9,10,10,10,10,9,2,2,35,3,5,2,2,1,3,,,1,5,1,9
1,60,27,7,8,2,7,7,7,7,2,4,6,6,6,6,5,5,5,4,2,30,1,5,2,2,1,2,,,3,1,3,3
2,33,1,7,8,1,6,7,7,5,3,5,10,8,8,9,10,10,10,4,9,60,1,3,2,1,1,1,8,6,1,2,7,9
2,39,25,7,2,2,6,6,6,6,2,8,6,6,6,6,6,6,7,4,8,38,3,5,1,1,3,9,,,1,2,3,14
2,31,27,7,2,2,7,6,7,8,2,8,7,8,5,8,8,7,9,18,8,30,2,1,1,1,2,1,8,6,1,1,3,4
2,25,13,7,8,1,7,10,10,10,2,10,8,10,8,8,7,7,6,3,25,40,1,5,3,1,1,1,28,,1,2,7,4
2,31,23,7,25,2,5,6,7,6,3,13,7,7,6,6,6,7,8,18,8,30,1,3,1,1,1,1,8,6,4,6,7,5
1,34,23,7,27,1,7,6,7,7,2,7,7,7,6,7,7,7,7,6,28,30,1,2,1,3,3,5,,,2,1,3,4
1,41,4,7,24,1,2,5,7,7,3,11,6,6,4,5,6,4,6,18,28,3,3,2,2,1,2,7,,,4,1,4,6
1,37,13,7,8,2,7,7,8,8,2,8,8,7,7,8,8,8,8,18,28,10,3,5,3,1,3,3,,,4,1,9,2
1,49,28,7,8,1,4,6,9,6,3,9,7,6,8,10,9,10,8,18,2,60,4,10,3,1,1,1,28,,3,1,3,5
1,39,13,7,25,2,6,6,8,9,2,15,6,7,5,8,8,8,6,18,24,30,1,2,2,2,1,1,25,2,2,1,3,11
2,29,38,7,27,1,2,6,6,7,3,11,5,5,4,5,7,6,6,18,2,3,1,2,1,1,2,1,28,,4,1,4,5
2,33,14,7,8,2,7,6,6,8,2,3,7,7,7,7,6,5,5,4,28,40,3,5,3,2,2,1,28,,2,6,3,8
2,38,13,7,25,1,6,4,3,6,3,8,5,5,5,5,5,5,5,5,8,10,1,6,1,1,3,1,8,2,3,1,3,4
1,39,1,7,8,1,10,10,10,10,1,11,10,10,10,10,10,10,10,6,28,60,1,5,3,2,2,1,8,2,2,1,3,4
2,43,13,8,8,1,5,5,5,5,3,7,5,5,5,5,5,5,5,3,2,60,1,5,1,1,2,5,,,4,6,8,7
2,41,12,7,2,2,5,5,8,8,2,9,8,5,5,7,7,7,5,4,8,60,1,3,2,1,2,4,,,4,1,3,3
2,30,34,7,8,1,6,6,6,6,2,18,6,6,6,5,5,5,5,13,28,3,2,5,1,3,1,1,28,,2,1,3,2
1,39,24,7,25,1,6,7,7,7,3,8,6,6,6,6,7,6,6,4,28,15,1,5,2,1,1,1,8,2,3,1,2,4
2,50,4,7,21,2,7,7,7,7,2,11,7,7,7,8,7,7,7,18,9,10,1,5,1,1,2,5,,,3,6,2,3
1,55,14,7,8,1,8,8,8,8,2,8,8,8,8,9,9,9,8,4,25,45,1,5,1,1,2,1,8,2,4,2,3,11
2,42,11,7,8,1,6,6,7,6,3,1,6,6,6,6,5,6,6,18,28,30,3,3,3,2,1,1,28,,3,4,8,6
1,45,10,7,8,1,8,8,8,8,3,3,8,8,8,8,8,8,8,5,28,20,1,15,1,2,2,1,8,2,2,6,3,5
1,50,27,7,25,1,5,2,8,6,3,18,3,3,3,2,3,3,3,18,28,60,1,10,1,1,2,1,25,5,2,1,9,2
1,58,14,7,2,1,4,6,7,6,3,7,6,6,6,4,4,5,6,4,25,30,1,5,2,5,3,1,25,10,2,1,4,14
2,43,11,7,25,1,5,6,7,8,2,9,8,8,7,8,7,8,8,18,28,30,1,3,1,1,2,1,25,1,4,1,2,4
1,42,14,7,25,1,8,8,8,8,2,2,8,8,8,8,8,8,8,5,8,15,1,3,1,1,2,1,8,6,1,2,3,10
1,31,26,7,8,2,7,6,7,7,2,6,7,8,8,8,6,8,6,5,24,5,3,2,3,1,2,3,,,2,1,3,5
2,34,20,7,8,2,7,7,7,7,2,7,7,7,7,7,7,7,7,4,28,30,2,3,4,2,2,1,8,1,1,2,7,4
2,40,12,7,8,1,6,6,6,6,3,11,6,6,6,6,6,6,6,14,2,20,1,8,1,1,2,5,,,4,1,8,2
2,49,34,7,8,2,7,5,8,8,2,13,7,7,7,7,7,7,7,18,28,30,1,3,1,1,2,1,8,3,4,1,3,14
1,54,13,7,8,2,8,7,9,7,2,10,7,8,7,8,8,8,8,6,12,10,3,3,1,1,3,1,8,1,4,6,3,7
1,30,40,7,8,2,2,3,4,4,2,3,3,7,6,7,8,3,3,1,12,15,1,4,3,1,2,1,8,3,1,1,4,5
2,28,11,7,8,2,5,7,7,7,2,11,6,6,5,5,5,6,6,18,25,20,2,4,1,1,2,1,8,6,1,1,3,3
1,63,27,7,8,1,6,6,6,6,3,19,7,7,6,7,6,7,6,18,28,7,7,4,2,1,3,1,28,,1,1,9,2
2,33,23,7,2,1,6,6,6,4,3,10,6,6,5,4,5,3,5,18,11,15,1,6,1,2,2,1,2,3,2,6,7,5
1,50,13,7,25,2,5,6,7,7,2,13,8,8,7,8,9,8,9,14,2,15,1,2,2,1,2,1,8,6,4,2,3,14
1,45,13,7,24,1,7,7,7,7,2,9,7,7,7,7,7,7,7,18,28,90,2,10,4,1,3,1,8,2,1,1,3,9
2,22,9,7,24,2,6,6,7,7,2,13,8,8,8,8,8,8,8,16,8,30,3,5,1,1,2,10,,,1,1,3,6
1,32,7,7,12,1,7,7,7,7,2,11,6,6,6,6,6,6,7,18,8,30,4,3,1,1,2,1,12,2,3,2,4,8
2,31,14,7,8,1,7,8,8,7,2,11,8,8,9,8,8,8,8,6,28,30,2,5,4,2,2,1,8,1,1,4,3,5
2,46,14,7,2,1,5,5,5,5,3,3,6,6,6,6,6,6,6,18,24,30,1,3,1,1,2,1,24,6,3,2,7,6
1,40,9,7,12,1,5,4,4,5,4,2,6,4,5,7,6,4,5,18,8,30,2,2,3,1,2,1,12,1,1,2,3,4
1,50,20,7,8,2,5,5,4,5,3,19,4,4,4,5,4,4,4,18,28,60,7,10,1,1,2,1,28,,1,2,3,9
1,48,27,7,8,2,8,8,9,9,1,10,8,8,8,9,7,8,9,6,12,5,1,2,1,2,1,1,8,2,2,6,3,11
1,20,34,7,8,2,10,10,10,10,1,8,10,10,10,10,10,10,10,18,28,10,1,1,2,1,2,1,8,2,1,1,1,2
1,30,22,7,8,1,7,9,7,7,1,2,8,8,8,8,8,8,8,3,28,180,2,5,1,1,1,1,28,,2,2,3,5
2,48,13,7,8,2,6,7,6,6,2,10,8,8,6,7,8,6,7,18,12,10,1,4,1,1,3,1,28,,1,2,8,14
1,66,12,7,21,1,8,7,8,8,2,11,7,8,6,8,7,8,8,18,24,7,1,4,5,1,2,1,28,,3,6,8,3
2,39,27,7,12,1,8,9,8,8,2,9,8,8,7,8,8,8,8,6,28,30,1,2,1,1,3,1,12,1,3,6,2,5
1,44,40,7,21,2,8,6,8,10,2,8,8,7,6,7,8,8,8,5,8,300,2,10,3,3,2,1,8,2,3,6,4,5
1,45,13,7,27,2,10,10,10,9,2,9,9,9,9,8,9,8,8,6,28,60,1,10,2,3,2,8,,,4,6,3,7
1,35,24,7,8,1,5,5,6,5,2,11,8,7,7,8,8,8,7,18,25,30,2,3,2,1,2,11,,,4,1,3,4
1,33,47,7,7,2,3,3,3,3,3,11,5,5,5,5,5,5,5,18,2,14,1,1,1,1,2,1,8,3,3,6,3,14
2,30,12,7,25,2,8,8,8,8,2,9,8,8,5,5,5,5,8,18,8,15,3,3,1,1,3,1,8,6,3,2,8,3
1,29,13,7,8,1,9,10,8,9,1,7,10,9,9,10,9,9,9,4,28,150,1,30,3,2,2,1,8,1,2,2,3,6
2,37,27,7,24,1,5,5,5,6,3,13,6,6,6,6,6,5,6,18,2,30,3,3,3,2,2,1,24,4,4,6,7,14
1,52,13,7,27,2,7,7,7,7,2,9,8,7,7,7,7,7,7,18,12,21,2,1,1,1,1,1,12,4,1,1,3,4
2,32,34,7,8,2,8,8,8,8,2,10,6,6,6,6,6,6,6,2,28,14,2,3,2,1,2,9,,,4,2,3,9
2,25,14,7,25,2,7,8,7,8,2,3,8,7,7,6,6,7,7,3,8,20,1,5,4,1,2,3,,,3,1,3,10
2,32,11,7,25,1,3,3,3,3,4,8,6,5,4,6,5,5,5,18,2,60,1,5,4,1,2,1,2,6,4,6,8,14
1,39,28,7,8,2,7,8,8,9,1,10,10,8,9,8,8,8,8,14,2,90,3,10,1,1,2,1,24,6,1,1,3,6
2,31,11,7,8,1,8,8,8,8,2,13,8,8,7,8,8,8,7,6,2,60,3,3,1,1,2,1,2,6,3,8,3,4
2,28,13,7,8,1,4,6,7,6,2,10,8,6,4,6,5,8,8,18,25,20,1,15,1,2,2,1,8,1,2,1,3,5
1,56,23,7,8,2,7,8,8,8,2,2,8,8,8,8,8,8,8,4,28,30,2,3,2,1,2,1,8,1,1,1,2,5
2,27,10,7,8,1,8,8,8,8,2,8,8,8,8,8,9,8,8,18,28,100,1,3,3,1,2,1,8,6,2,1,3,4
1,46,24,7,8,2,8,9,9,9,1,11,9,9,8,9,8,9,9,2,12,30,2,10,5,3,2,1,8,1,2,6,3,5
2,33,22,7,8,2,9,9,9,9,2,8,9,9,9,9,9,9,9,18,28,90,1,8,1,1,2,1,8,1,4,6,7,3
2,34,34,7,8,1,5,5,5,5,2,11,5,6,8,7,8,8,8,14,28,2,1,1,1,1,2,9,,,1,1,8,14
1,32,14,7,20,1,5,5,5,4,3,6,5,5,5,5,5,5,6,3,28,30,7,5,4,3,3,2,,,2,6,3,6
2,44,26,7,25,1,7,9,6,6,2,15,7,7,7,7,7,8,8,18,8,2,1,2,1,1,1,1,28,,2,6,7,7
1,49,31,7,27,2,8,8,8,7,2,2,7,7,8,7,7,8,8,16,28,30,4,3,1,4,2,11,,,2,6,3,6
1,39,14,7,10,1,6,5,10,9,2,2,6,7,8,6,7,7,7,12,28,60,4,2,1,3,1,7,,,3,1,2,2
1,52,22,7,2,1,5,5,4,4,4,13,6,6,4,6,5,5,5,4,8,25,1,3,1,1,2,2,,,3,1,3,9
2,41,46,7,8,1,7,8,5,8,2,9,7,7,8,7,6,7,7,18,28,30,2,4,3,3,1,1,28,,2,1,3,14
1,34,14,7,8,1,10,9,6,10,3,3,9,9,9,9,9,9,9,5,2,30,2,50,3,3,2,1,8,1,2,1,3,4
1,28,27,7,8,2,8,8,7,6,2,7,7,6,6,7,7,7,6,2,28,14,3,4,3,1,2,1,28,,4,5,2,7
2,34,2,7,8,2,4,4,5,3,3,13,5,5,5,5,5,5,5,18,2,60,1,3,1,1,2,1,28,,2,6,4,3
2,29,27,7,8,2,8,8,7,8,2,9,8,7,6,7,7,7,7,18,25,50,2,5,2,1,1,1,12,6,1,1,10,14
1,35,13,7,8,2,6,7,7,6,3,1,5,6,6,6,5,6,6,3,25,40,3,10,3,3,2,1,8,1,2,2,3,10
2,43,14,7,8,1,4,3,5,6,3,9,6,6,6,6,6,6,5,5,2,90,1,5,3,1,2,4,,,4,6,8,7
1,49,12,7,8,2,6,6,6,6,3,7,6,6,6,6,6,6,6,5,12,9,3,5,3,1,3,2,,,3,1,3,14
1,53,4,7,12,1,8,8,9,8,2,9,8,8,9,8,8,8,8,14,8,10,2,3,2,2,2,1,8,6,2,1,3,8
2,32,28,7,8,2,8,7,8,7,2,11,6,7,7,7,7,8,7,18,25,20,2,2,2,1,1,1,25,2,1,2,8,8
2,28,11,7,2,2,6,6,6,6,2,13,6,6,6,6,6,6,6,5,28,30,3,3,2,1,2,4,,,1,2,8,14
2,26,1,7,8,2,7,6,8,8,2,16,7,8,6,7,8,8,8,6,25,28,2,4,3,1,2,1,8,2,4,1,3,4
2,36,13,7,8,2,5,6,6,6,3,3,5,5,6,6,6,5,6,5,28,60,1,5,6,1,2,1,8,1,4,1,3,6
2,39,12,7,24,1,6,6,6,6,2,14,5,6,6,6,6,6,6,18,28,10,1,2,1,2,3,4,,,1,6,7,5
1,48,34,7,12,2,4,4,4,4,3,2,4,4,4,4,4,5,4,18,28,10,3,2,1,1,2,1,12,3,4,1,3,14
2,24,1,7,8,2,5,4,7,7,2,15,7,6,5,6,7,9,7,18,12,30,3,5,1,2,1,1,8,2,2,1,8,2
2,47,21,7,8,1,8,10,10,9,1,8,9,9,8,9,9,9,10,4,25,20,1,25,1,1,2,1,8,3,4,1,4,8
2,37,14,7,8,2,6,6,7,7,3,10,7,7,7,7,7,7,7,18,28,20,2,2,7,2,2,1,8,2,2,1,2,3
1,42,1,8,8,2,10,10,10,10,1,3,10,10,10,10,10,10,10,5,28,2,1,3,3,1,2,1,24,6,2,6,3,14
2,41,46,7,8,2,5,5,5,6,2,9,7,7,7,6,7,5,6,2,28,10,3,2,1,1,3,1,8,2,1,1,3,3
1,21,7,7,8,2,8,9,10,9,1,9,7,8,6,6,8,10,9,6,28,90,1,2,1,3,2,6,,,3,5,1,14
2,49,4,7,8,1,6,6,7,6,2,7,8,8,8,8,7,7,9,18,12,20,1,5,2,1,2,1,12,6,1,6,3,3
1,59,14,7,2,1,8,8,7,7,2,11,8,7,7,7,7,7,8,14,8,30,3,5,1,1,2,1,2,1,5,2,3,10
1,29,11,7,27,2,10,10,10,10,1,1,10,10,10,10,10,10,10,12,28,30,1,5,6,3,3,8,,,2,5,2,14
1,44,40,7,8,1,9,8,8,8,2,6,8,9,9,8,8,9,8,4,28,300,1,10,4,2,2,1,8,2,3,6,4,5
2,29,40,7,8,2,8,8,8,8,2,13,7,8,7,8,8,8,7,6,28,90,1,10,5,1,2,1,8,1,4,6,10,3
2,32,5,7,8,1,7,8,7,7,3,16,7,8,5,7,8,6,7,6,28,60,1,3,1,1,2,1,8,3,4,2,3,5
2,49,40,7,10,1,6,7,8,7,3,4,5,5,5,5,5,5,5,5,8,30,4,3,1,1,2,5,,,1,2,4,9
1,48,36,7,24,1,7,7,8,8,1,9,10,10,10,10,10,10,9,18,2,10,2,3,1,1,2,1,24,3,2,6,3,11
2,43,23,7,8,2,5,5,5,5,3,11,5,5,5,5,5,5,5,18,28,14,3,3,1,1,1,1,28,,4,1,2,4
1,38,23,7,25,2,7,7,7,7,2,13,7,7,7,7,7,7,7,5,8,20,2,1,1,1,2,1,8,3,1,2,4,10
1,34,13,7,2,1,7,8,8,7,2,9,8,7,7,9,8,8,8,5,28,20,2,5,2,1,2,1,2,2,3,4,3,5
2,57,43,7,8,2,4,4,4,5,3,9,5,5,4,4,5,5,4,5,24,30,2,0,3,1,2,1,24,2,3,2,7,4
1,43,11,7,25,2,6,5,6,5,3,18,6,7,6,6,5,6,5,6,8,6,1,1,1,1,2,1,8,6,3,1,8,14
2,29,12,8,9,1,7,8,8,8,2,5,6,7,7,7,7,7,7,18,28,10,2,30,4,1,1,6,,,3,2,4,9
1,38,13,7,8,2,7,6,7,6,2,8,6,7,4,6,5,7,5,1,2,60,3,2,2,1,1,1,8,6,4,1,3,14
1,50,14,7,27,2,7,7,7,7,2,11,7,7,7,7,7,7,7,18,28,20,1,1,1,1,2,1,28,,3,2,3,9
1,38,13,7,9,1,7,7,7,7,2,3,8,7,7,7,7,7,7,18,28,20,1,15,7,1,2,1,28,,3,1,3,14
2,44,40,7,25,1,8,9,9,9,2,9,7,7,7,7,7,8,8,4,8,20,1,5,3,2,1,1,8,6,3,6,8,4
2,42,8,7,27,1,7,7,7,7,2,3,7,7,7,7,7,7,7,6,28,30,3,3,1,2,3,1,28,,2,6,3,14
1,42,11,7,8,1,6,9,8,8,2,8,8,8,6,8,7,8,8,6,28,5,2,5,4,1,1,2,,,4,6,3,9
2,47,46,7,8,1,7,8,7,8,2,9,7,7,7,8,7,8,8,6,12,30,3,7,4,1,3,9,,,1,7,7,5
1,35,17,7,8,1,9,8,8,8,2,3,8,10,4,10,8,9,9,6,28,15,1,5,1,2,2,1,8,1,2,2,3,11
2,40,11,7,8,1,7,7,6,7,2,9,9,8,7,7,6,6,7,6,2,30,3,3,4,1,1,7,,,4,6,3,7
2,41,11,7,25,2,8,8,8,8,2,13,8,8,8,8,8,8,8,18,12,30,1,30,1,2,1,7,,,4,3,8,4
1,45,13,8,8,1,6,6,6,6,2,16,6,7,6,6,6,6,6,6,24,15,1,2,3,1,2,1,24,6,1,6,3,6
2,36,13,7,8,2,4,5,5,5,3,7,6,6,6,6,6,6,6,18,2,10,1,2,1,1,2,1,8,1,4,6,3,12
2,33,14,7,8,1,9,5,7,5,2,9,6,6,1,1,1,5,4,15,28,10,4,10,1,1,2,9,,,3,6,3,10
2,66,40,7,2,2,7,8,8,8,2,7,7,7,7,8,8,7,8,5,18,120,1,5,1,1,2,1,18,2,4,6,7,7
1,41,13,7,8,1,1,8,8,5,3,8,5,5,1,5,5,5,5,18,12,90,1,3,3,1,2,2,,,3,1,3,4
1,44,13,7,8,1,5,5,5,5,3,19,6,6,6,6,6,6,6,18,28,30,1,3,4,1,3,1,8,2,4,6,3,13
1,35,46,7,8,1,8,8,8,7,1,1,9,9,9,9,9,9,9,5,28,14,1,5,1,1,2,1,28,,1,6,3,7
1,36,13,7,24,2,8,7,7,8,2,11,8,8,7,7,8,7,7,14,8,7,1,5,2,1,2,1,24,1,1,1,3,7
2,30,22,7,8,2,7,7,7,8,2,8,7,7,8,7,7,7,7,14,28,1,1,10,1,1,3,8,,,1,6,6,7
1,62,13,7,24,1,3,3,2,5,5,9,5,5,3,6,6,5,5,18,8,15,1,1,1,1,1,1,8,2,3,1,2,5
1,61,1,8,8,1,7,7,7,7,2,1,7,7,7,7,7,7,7,5,2,30,1,5,6,1,1,1,2,2,4,7,3,6
2,42,47,7,7,2,8,8,10,10,1,11,8,8,8,8,8,8,8,14,27,3,1,8,2,1,2,1,28,,1,1,2,3
1,23,15,8,2,2,8,8,8,8,2,2,6,7,8,8,8,8,8,14,8,30,1,2,1,1,1,3,,,1,1,3,3
2,54,13,7,8,1,8,8,8,8,2,16,8,8,4,8,8,9,9,18,9,60,2,10,6,1,2,1,25,2,3,1,4,6
2,42,21,7,27,1,8,8,7,8,2,10,8,7,9,6,9,7,7,14,8,30,1,1,1,1,2,1,8,1,1,6,2,9
2,38,14,7,1,1,10,10,10,10,1,1,10,10,10,10,10,10,10,1,2,30,1,10,4,1,1,1,1,1,1,1,3,2
2,53,13,7,2,1,4,6,6,4,2,11,8,7,5,8,8,8,7,18,8,30,1,2,2,1,2,1,2,4,1,6,9,14
2,34,11,7,8,2,7,7,8,8,2,19,7,8,6,6,8,8,9,5,25,20,1,2,2,2,2,1,8,2,2,6,3,5
2,24,16,7,8,2,8,7,8,8,2,19,8,9,8,8,9,8,7,18,28,30,1,3,1,1,2,7,,,1,6,3,8
2,36,11,7,8,2,7,7,8,8,2,11,7,7,7,7,7,7,7,6,28,60,2,12,1,3,1,1,28,,2,6,7,14
2,34,27,7,25,2,8,7,9,9,2,7,8,8,7,8,8,8,9,18,8,40,2,50,5,1,2,1,8,6,4,6,3,8
2,49,35,7,8,2,7,8,8,8,2,16,8,7,5,7,7,7,6,2,28,90,1,5,2,1,2,7,,,1,1,3,3
1,41,13,7,8,1,8,7,8,7,2,1,8,7,8,7,8,7,8,4,28,30,1,1,1,1,2,1,8,1,1,2,3,11
1,55,11,7,8,1,8,8,9,8,2,7,8,8,8,9,8,8,9,4,14,15,2,4,1,1,2,5,,,3,2,4,5
2,32,13,7,8,1,4,4,6,5,2,8,8,8,8,8,8,8,8,18,12,14,1,3,2,1,3,1,28,,4,1,4,4
1,43,2,7,21,2,7,7,8,7,2,1,8,8,7,8,7,8,9,6,8,20,1,10,7,1,3,1,8,6,4,2,4,7
2,31,46,7,8,1,5,5,6,5,3,1,6,6,6,6,6,6,6,18,28,14,1,50,2,1,2,1,28,,1,6,3,6
2,38,12,7,24,1,9,9,9,9,2,2,9,9,9,9,9,9,9,14,8,60,3,2,1,1,2,1,8,6,1,1,3,3
1,46,4,7,24,1,6,6,6,6,3,9,6,6,6,6,6,6,6,18,8,60,2,5,1,4,2,1,24,6,2,2,7,4
1,38,8,7,25,1,6,6,6,6,3,9,6,7,7,6,6,6,6,4,2,80,2,5,1,1,3,1,24,6,4,1,2,3
2,62,13,7,2,2,5,6,6,6,2,11,6,7,6,7,7,7,7,18,8,30,1,3,2,1,3,4,,,2,1,4,3
1,47,27,7,2,2,7,7,7,7,2,9,7,7,7,8,8,8,8,18,8,2,3,10,2,1,2,1,2,3,2,1,3,4
2,29,28,7,27,2,6,5,5,5,2,11,5,5,5,4,8,5,8,17,8,45,1,10,4,1,1,1,28,,1,4,9,2
1,43,27,7,8,2,5,6,7,7,3,10,7,7,7,6,7,7,7,18,25,15,1,3,2,2,1,1,8,6,2,1,3,8
2,35,11,7,8,2,7,7,7,7,2,8,7,7,7,7,7,7,7,18,28,30,3,3,1,1,2,1,28,,3,6,2,8
1,34,40,7,8,1,7,8,7,8,3,2,4,5,4,6,4,6,4,18,28,60,3,3,4,2,3,1,28,,1,4,3,3
2,26,13,7,8,2,7,7,6,7,2,7,7,7,7,7,7,7,7,18,28,15,1,5,2,1,2,1,8,1,1,2,7,5
2,24,17,7,27,2,9,8,8,8,2,11,7,7,8,8,8,8,9,18,28,20,3,2,1,2,2,2,,,2,1,9,2
2,53,15,7,8,1,10,10,10,10,1,16,10,9,9,10,10,10,10,15,28,30,1,5,2,1,2,9,,,1,8,7,1
1,38,27,7,24,1,4,6,5,5,3,4,6,5,5,5,5,5,6,18,8,5,2,3,2,1,2,1,25,3,4,2,3,5
1,38,11,7,2,2,5,5,5,5,3,15,5,5,5,5,5,5,5,5,8,20,5,1,1,1,2,1,8,6,3,1,3,6
2,32,4,8,8,1,5,5,5,5,3,7,6,6,6,6,6,6,6,14,28,5,1,2,1,1,1,1,28,,3,2,7,7
1,35,14,7,8,1,6,5,8,5,2,7,7,8,5,6,6,6,8,18,28,30,3,3,1,2,2,1,8,2,2,2,4,6
1,53,4,7,2,1,6,8,6,8,2,1,7,8,8,7,6,8,8,1,4,30,1,10,3,2,2,2,,,2,1,4,8
1,30,26,7,8,2,7,7,7,7,2,10,7,7,7,7,7,7,7,6,28,30,1,1,1,1,2,1,8,1,1,2,3,7
1,51,13,7,8,2,8,8,8,8,2,9,8,8,8,8,8,8,8,18,24,90,2,5,1,3,2,1,8,1,2,6,3,9
1,38,36,8,11,1,7,9,8,8,2,5,7,8,7,7,7,8,8,6,8,30,4,3,1,1,2,1,8,6,1,2,3,11
1,32,13,7,24,2,8,8,7,8,2,18,8,7,8,7,7,7,8,2,8,30,3,5,1,1,1,9,,,4,1,3,4
2,46,13,7,8,2,8,8,8,8,2,11,5,8,5,7,7,8,8,18,28,60,1,6,1,1,3,1,8,2,1,6,3,6
2,46,14,7,25,1,7,3,1,5,5,9,4,5,3,4,8,8,5,4,8,40,1,3,1,1,2,1,25,2,3,1,3,5
2,50,14,7,2,1,6,6,6,6,3,2,6,6,6,6,6,6,6,6,8,30,4,3,4,2,2,3,,,4,2,8,6
2,30,40,8,18,2,6,8,8,7,2,7,7,9,5,10,6,10,10,18,8,30,1,3,1,3,2,1,18,3,2,5,9,2
2,41,46,7,8,1,7,7,7,7,2,16,7,7,8,7,7,6,7,18,28,30,2,5,3,4,1,1,8,3,2,1,3,14
1,42,40,7,8,1,4,6,4,7,2,4,4,7,4,7,5,6,6,5,28,5,2,5,4,2,3,1,28,,2,1,2,5
2,35,11,7,8,1,8,9,9,10,1,8,8,8,8,8,8,8,8,18,1,30,1,10,4,2,2,1,2,6,2,6,7,7
2,29,26,7,27,2,9,8,9,10,1,7,8,8,8,8,8,8,10,18,9,15,4,2,1,1,2,1,28,,3,6,6,3
2,48,13,7,8,2,6,6,6,6,2,9,6,6,6,6,6,6,6,18,28,90,2,3,1,1,2,1,8,2,1,6,7,4
2,34,1,7,8,2,7,7,7,7,2,9,7,7,6,7,7,7,7,6,28,60,2,3,1,1,2,1,8,3,1,2,2,6
1,45,23,7,8,1,7,7,7,7,2,10,7,7,5,6,6,7,7,5,12,14,2,4,1,1,3,1,8,1,1,1,3,7
2,20,4,8,8,1,10,10,10,10,1,1,10,10,10,9,10,10,10,3,28,20,1,8,1,2,2,1,28,,2,1,3,3
1,34,40,7,8,2,6,5,6,6,3,11,6,6,6,6,6,6,6,18,28,30,3,3,1,1,2,3,,,1,2,3,14
2,37,1,7,8,1,6,4,5,5,3,16,6,5,5,4,4,5,4,18,2,30,2,5,1,1,1,1,8,6,3,2,8,14
1,39,10,7,8,2,6,7,7,7,3,3,7,6,5,5,5,5,5,4,25,15,3,5,3,1,2,5,,,1,2,3,14
1,34,42,7,27,1,5,5,5,5,2,13,5,5,5,5,5,5,5,2,27,25,2,2,1,1,3,5,,,3,2,3,7
2,51,11,8,8,1,10,10,10,10,1,9,10,10,5,10,10,10,10,18,2,60,1,3,2,1,1,1,28,,4,6,7,14
1,35,14,7,8,2,7,8,8,5,3,9,6,6,6,7,5,5,6,18,25,5,3,3,1,1,2,3,,,4,2,3,6
1,57,13,7,25,2,5,5,6,6,3,10,5,5,2,8,6,6,6,18,2,15,2,5,3,1,2,1,2,2,4,1,3,5
2,20,34,7,8,2,8,8,8,8,2,13,8,8,4,10,5,8,8,3,28,30,4,2,1,1,1,1,8,3,1,2,3,4
2,34,14,7,25,2,9,9,8,8,2,9,7,7,6,8,6,7,9,14,8,60,3,3,1,1,3,2,,,1,2,7,14
2,31,13,7,25,1,5,5,5,5,3,11,6,6,6,6,6,6,6,18,9,120,1,5,3,1,2,1,24,6,1,1,4,14
1,52,13,7,8,1,5,5,6,5,3,9,6,6,5,5,5,6,6,4,2,10,1,10,1,1,3,5,,,3,2,4,11
1,31,13,7,27,2,5,5,5,5,3,9,5,5,4,5,5,5,5,18,8,30,2,2,1,1,2,1,8,10,3,1,3,4
1,38,14,7,8,2,8,10,10,10,1,10,10,10,10,10,10,10,10,18,28,365,4,3,2,1,3,1,28,,1,6,3,14
2,35,40,7,8,2,7,7,8,7,2,13,7,7,6,7,7,7,9,6,1,90,2,3,3,1,3,1,1,6,1,1,3,5
2,27,4,8,8,2,5,6,7,6,2,9,6,6,4,8,5,7,7,6,28,30,1,6,2,2,2,1,8,1,2,6,8,5
2,26,20,7,8,2,6,6,6,6,2,13,5,5,5,4,5,5,4,18,28,30,1,1,1,1,1,1,21,2,1,5,8,14
1,34,29,7,8,1,7,8,7,7,2,11,8,7,6,7,7,7,6,15,28,20,1,5,1,1,2,1,8,3,4,2,3,10
2,38,12,7,24,1,1,5,5,5,3,11,5,5,5,4,5,5,5,18,8,1,5,4,1,1,1,5,,,3,6,7,6
1,49,34,7,25,2,6,5,6,6,2,18,6,6,6,6,6,6,6,5,28,7,2,10,7,1,2,1,28,,1,1,3,9
1,31,7,8,24,2,9,9,9,8,2,11,7,7,4,8,6,7,6,18,8,30,3,3,1,2,2,10,,,2,2,3,9
1,35,13,7,8,2,5,5,5,5,3,7,5,5,4,5,5,5,5,18,28,180,4,3,3,1,3,1,8,1,3,6,3,11
1,58,6,7,9,1,7,6,6,6,3,5,6,6,7,6,6,6,6,5,11,7,7,5,1,1,2,5,,,1,1,3,7
2,27,13,7,8,2,8,7,7,7,2,16,8,7,7,7,7,7,5,4,2,15,1,3,1,1,2,1,8,1,1,1,8,3
1,34,14,7,8,1,6,6,6,6,2,11,6,6,6,7,6,7,6,18,28,3,1,3,4,1,3,1,8,3,4,6,3,14
1,65,14,7,27,2,5,4,4,4,3,7,5,5,5,5,5,5,5,18,25,60,3,1,1,2,1,1,28,,2,2,9,6
2,45,14,7,8,2,10,9,10,10,1,10,10,10,10,10,10,10,10,18,28,365,5,3,2,1,3,1,28,,1,6,3,14
2,58,17,8,10,2,5,5,5,5,3,7,6,5,5,5,5,4,5,18,8,30,2,5,1,1,1,1,10,3,2,2,7,14
2,35,23,7,12,1,6,6,6,6,3,10,6,6,4,6,6,6,6,6,8,30,1,3,1,1,3,1,8,6,3,2,7,1
1,44,27,7,8,2,7,7,7,7,3,9,7,6,7,5,5,5,5,18,28,30,3,5,3,1,3,1,8,1,1,5,3,5
2,51,24,8,8,1,7,7,7,7,2,11,7,7,7,6,7,7,7,18,28,20,6,5,1,1,2,1,28,,1,2,7,5
1,62,13,7,25,1,6,6,6,6,3,3,6,6,6,6,6,6,6,5,8,7,1,2,1,1,2,1,8,6,4,1,3,14
1,51,13,8,8,2,6,6,6,6,2,7,6,6,6,6,6,6,6,18,25,60,1,10,1,1,2,1,25,2,4,6,3,10
1,41,14,7,25,1,7,7,7,7,3,13,6,6,6,6,6,6,6,18,28,3,1,3,1,1,2,1,28,,4,1,3,6
2,43,36,8,27,2,7,7,7,7,2,4,7,7,7,7,7,7,8,5,28,10,2,1,1,1,3,9,,,3,6,4,1
2,32,34,7,8,1,8,8,8,8,2,9,9,9,9,9,3,9,9,6,25,30,1,4,3,2,2,1,8,6,4,6,7,5
1,36,36,8,8,2,10,9,9,9,2,11,9,9,9,9,10,10,10,4,12,15,2,2,1,1,2,1,8,2,4,6,3,6
2,37,26,7,8,1,8,8,9,9,1,13,10,10,8,9,8,9,10,12,25,90,5,5,1,2,1,7,,,2,4,9,1
2,43,13,7,8,2,7,8,8,8,1,10,8,7,6,8,8,8,8,18,24,30,2,10,2,5,2,1,8,2,2,1,5,2
1,47,13,7,8,1,6,5,6,6,2,2,6,6,5,6,6,6,6,18,25,30,1,3,1,1,3,1,25,6,4,1,3,8
1,39,13,7,8,2,6,3,8,7,2,8,6,6,7,6,6,6,6,18,2,7,1,3,4,1,2,1,8,2,3,6,3,1
2,38,27,7,8,1,8,8,8,8,2,9,10,9,9,9,9,9,9,2,2,30,1,5,4,1,2,1,28,,1,2,7,11
1,54,1,7,8,1,8,8,8,8,1,10,9,8,8,8,8,8,9,18,28,30,1,3,1,1,2,1,8,1,1,2,4,8
2,32,33,7,8,2,8,8,8,8,2,16,8,8,8,8,8,8,8,5,2,30,2,6,1,1,2,1,2,6,1,1,2,3
2,36,13,7,8,2,8,8,8,8,2,1,8,8,8,8,8,8,8,1,28,20,3,2,1,1,1,1,28,,1,6,3,7
2,33,27,7,25,2,5,4,7,7,3,8,9,8,5,8,6,8,8,18,8,30,2,2,4,1,2,1,8,3,4,1,3,3
2,31,1,7,27,2,8,8,8,8,2,7,6,7,6,7,6,7,7,18,28,30,4,2,1,2,2,1,27,4,2,2,3,14
2,31,40,7,27,2,6,7,7,7,2,11,6,6,6,7,7,6,6,18,28,14,1,4,1,2,2,2,,,4,6,7,4
2,52,1,7,8,2,7,8,8,8,2,11,9,9,7,8,8,8,9,6,25,60,3,10,2,1,1,1,12,6,1,2,8,8
1,42,13,7,2,1,6,6,6,6,2,11,8,6,6,6,6,8,8,12,28,30,3,6,1,1,2,1,2,2,4,1,2,2
2,28,27,7,8,2,1,3,4,1,5,1,3,3,1,1,3,2,2,5,28,3,7,3,2,1,3,1,28,,1,6,8,4
2,57,28,7,8,1,7,7,7,7,3,15,7,7,7,7,7,7,7,4,28,30,3,6,1,1,2,9,,,3,1,8,14
1,28,28,7,8,1,7,7,7,7,2,8,8,8,7,8,9,8,9,18,28,90,3,3,1,1,2,1,8,1,4,1,4,5
1,46,27,7,25,2,6,6,7,7,3,11,6,6,6,7,7,7,6,18,24,60,4,3,2,1,3,2,,,3,2,3,6
2,32,1,7,27,1,6,7,7,7,2,11,7,7,7,7,7,7,6,2,28,1,1,1,1,1,2,1,27,1,1,6,7,5
2,40,13,7,2,1,6,6,8,8,2,3,8,8,7,7,8,7,9,2,8,14,1,10,6,1,3,1,8,2,4,6,7,10
1,47,13,7,24,1,8,7,8,7,2,2,8,7,8,6,8,7,8,1,28,5,4,10,1,1,2,1,24,3,2,1,3,5
2,29,26,7,8,1,8,9,9,6,2,9,8,8,8,8,8,8,8,18,25,14,1,3,1,1,2,1,8,6,1,2,9,7
2,40,13,7,2,2,5,6,8,8,2,13,7,7,7,7,7,7,8,18,8,20,1,3,2,2,2,1,2,1,2,2,6,8
2,52,13,7,2,1,7,7,7,7,2,7,8,8,7,8,7,7,8,5,8,10,1,5,2,1,2,1,8,6,1,2,7,5
2,58,13,7,8,2,6,6,6,6,2,11,8,6,6,6,6,6,6,18,2,60,2,1,4,1,2,1,8,1,3,3,9,2
2,35,13,7,8,1,7,8,8,8,2,19,8,8,8,8,8,8,9,6,25,35,1,3,3,2,1,1,8,2,2,1,3,5
1,57,23,7,14,2,7,7,6,7,2,11,7,7,6,7,7,7,7,18,8,30,1,5,1,1,2,1,8,1,4,1,2,4
2,51,27,7,25,1,10,9,9,9,2,10,8,9,5,9,9,10,9,6,8,10,1,5,2,2,2,1,8,6,2,1,9,14
1,54,13,7,3,2,4,5,4,4,3,8,5,5,5,5,5,5,5,18,28,90,3,10,7,1,2,5,,,4,1,9,1
2,38,11,7,25,1,5,6,6,6,2,9,8,8,8,7,7,8,8,18,8,60,1,3,1,1,3,1,8,10,3,2,7,14
2,31,1,7,8,2,6,6,6,6,3,10,6,6,6,6,6,6,6,5,28,10,1,5,1,1,1,1,8,2,1,2,2,4
1,70,27,7,27,2,10,10,10,10,2,7,10,10,10,10,10,10,10,18,28,10,1,5,1,2,3,11,,,4,1,9,2
2,51,1,7,8,2,6,6,6,6,2,9,7,6,6,6,7,7,7,18,28,30,1,3,1,1,1,1,8,2,1,1,9,3
1,28,13,7,8,2,7,8,8,7,2,9,7,7,7,7,7,7,7,5,2,30,1,6,1,1,1,1,8,3,1,2,3,4
1,48,28,7,8,1,7,8,9,8,3,19,7,6,8,7,8,7,8,18,28,10,1,5,1,1,2,1,28,,1,2,4,14
1,51,22,7,8,1,5,8,8,8,2,16,9,8,2,5,6,8,8,5,12,180,3,5,4,2,2,1,12,6,2,1,5,4
1,55,11,8,25,2,7,7,8,7,2,9,6,6,5,7,7,7,6,18,28,90,1,10,3,1,2,5,,,4,2,4,10
1,30,26,7,8,1,1,1,8,5,3,2,7,7,8,9,8,8,6,18,28,60,1,40,7,1,2,1,8,2,1,2,3,7
2,36,47,7,7,2,7,8,9,9,2,9,7,7,6,7,7,7,7,6,28,30,1,5,1,2,1,6,,,2,2,2,4
1,35,10,7,20,1,5,7,6,6,3,17,6,6,6,6,6,6,6,18,28,15,3,20,1,1,1,1,28,,3,2,2,5
2,30,2,8,8,1,8,7,8,8,3,9,8,8,7,8,8,8,8,4,28,20,3,3,1,1,2,1,8,4,4,6,7,3
2,27,28,7,8,1,5,5,5,5,3,1,5,5,5,5,5,5,5,9,28,15,4,2,1,1,3,1,28,,4,2,7,4
1,30,25,7,2,1,7,6,7,6,2,13,7,7,5,7,6,7,7,18,8,10,1,3,1,2,2,1,2,1,2,1,4,5
2,36,40,7,27,2,6,6,5,6,3,10,7,7,6,7,6,7,7,5,2,7,1,3,1,1,2,1,8,6,2,6,7,5
2,46,12,7,8,1,9,6,7,8,2,1,9,8,9,9,9,8,9,1,4,30,2,3,1,1,1,1,8,6,2,1,3,4
1,53,13,7,8,2,5,8,9,9,1,9,8,8,4,8,8,4,8,18,25,30,1,10,1,1,2,1,8,2,1,6,3,13
1,32,12,7,2,2,8,5,6,7,2,8,7,7,7,6,7,8,7,18,8,20,3,10,5,1,2,1,8,3,3,6,3,6
2,55,40,8,8,2,7,8,8,8,2,8,7,7,5,7,7,7,7,6,25,45,2,5,1,1,2,1,8,6,1,2,7,9
2,40,40,8,8,2,5,5,5,5,3,2,5,5,5,5,5,5,5,5,12,15,3,2,2,1,2,1,2,6,1,2,8,2
2,53,32,7,8,1,7,8,7,7,2,13,8,8,8,8,8,8,8,6,17,20,1,1,1,1,1,1,8,3,3,1,3,5
2,39,8,8,27,1,1,1,1,3,3,11,5,5,5,5,5,5,5,18,28,7,7,1,1,1,2,3,,,4,6,7,7
1,48,40,7,8,2,5,5,5,5,3,7,5,5,5,5,5,5,5,7,28,10,1,1,1,1,3,1,8,3,4,1,5,14
2,26,15,7,8,2,9,8,9,9,2,5,7,8,8,7,7,7,8,3,28,15,1,5,1,1,2,1,8,3,3,2,3,8
2,32,13,7,8,1,5,5,5,5,2,13,6,5,5,5,5,5,5,18,28,30,3,3,1,1,1,1,8,1,2,6,7,5
1,44,13,7,8,1,9,9,9,9,2,13,9,8,8,10,9,10,9,2,2,30,3,4,1,1,2,1,2,1,3,2,3,14
2,50,27,7,2,2,7,7,8,8,1,15,8,7,5,7,5,8,10,18,8,30,3,5,1,1,2,1,2,3,3,1,4,6
1,52,13,7,2,2,6,6,5,5,3,16,6,6,4,4,5,7,5,18,8,20,3,3,2,2,2,1,8,2,3,1,3,7
2,34,14,7,8,2,8,8,10,10,2,11,8,8,6,9,8,10,8,2,25,30,1,3,1,1,2,1,8,6,3,6,7,5
2,30,40,7,8,1,7,8,8,8,2,13,8,8,6,7,8,8,8,17,25,30,1,2,2,3,2,1,8,2,2,2,7,3
1,47,8,7,27,1,7,7,7,7,3,2,7,7,7,7,7,7,7,5,25,15,2,5,1,1,2,1,25,8,1,1,3,14
1,49,40,7,8,2,5,6,7,7,2,7,8,7,4,6,7,6,8,18,2,30,1,5,1,1,2,1,8,3,4,6,4,8
2,40,14,7,8,1,8,9,9,8,1,11,9,9,9,9,9,9,9,5,21,30,1,3,1,1,2,1,8,2,1,6,8,14
1,32,13,7,8,1,6,8,8,9,2,9,8,8,8,7,8,9,8,18,2,60,3,10,3,1,2,1,8,3,1,6,3,4
2,43,13,7,2,1,1,8,6,5,3,15,7,8,4,5,6,8,5,16,8,30,1,30,7,1,1,7,,,1,2,8,6
2,31,23,7,8,1,8,7,8,8,2,9,9,8,8,8,8,8,8,6,21,10,1,10,2,1,1,1,8,3,1,2,8,5
2,22,25,7,12,1,9,9,8,9,2,9,8,9,8,8,8,8,7,18,8,21,3,5,2,1,2,1,8,2,1,1,3,3
1,34,42,7,8,2,7,7,6,7,2,11,5,5,6,6,6,7,8,6,28,360,3,5,1,1,2,1,8,2,4,2,3,4
2,44,40,7,24,2,4,6,6,5,2,9,8,8,7,8,9,8,8,18,8,60,1,5,3,1,1,1,28,,4,1,9,14
2,44,13,7,27,1,8,8,8,8,2,7,9,8,8,8,8,8,9,15,28,14,2,3,1,5,1,9,,,2,6,7,13
1,58,13,7,21,1,8,8,7,7,2,11,8,8,8,8,8,7,8,5,8,60,2,3,1,1,3,1,8,2,4,6,3,4
2,30,11,7,21,1,9,7,8,9,2,11,8,9,9,8,9,9,9,6,11,14,3,3,1,2,1,4,,,3,4,9,9
2,35,13,7,8,2,10,10,10,10,2,1,10,10,10,10,10,10,10,2,28,1,7,1,1,4,1,1,8,3,2,5,7,9
2,53,27,7,8,2,8,8,8,8,1,11,7,7,10,7,10,10,8,6,26,15,2,1,1,1,1,1,8,6,4,1,6,3
1,36,11,7,25,2,8,8,8,8,2,9,8,7,7,9,8,8,8,18,28,15,3,10,1,3,3,1,28,,4,2,4,5
1,45,14,7,8,2,6,6,6,6,3,16,6,6,6,6,6,6,6,6,28,14,2,3,2,4,2,1,28,,2,1,3,7
1,41,14,8,20,2,5,6,6,5,3,7,5,5,5,4,5,5,5,18,2,180,4,15,3,1,1,1,2,2,3,2,7,14
1,45,40,7,8,1,8,10,10,8,2,9,10,8,5,8,8,10,10,5,28,20,2,8,3,1,2,1,8,3,4,2,3,11
1,36,10,7,8,1,8,7,8,10,2,15,8,7,5,8,6,8,7,18,14,14,3,3,1,2,2,1,8,10,2,6,3,7
1,52,27,7,8,1,6,6,6,6,2,1,6,7,6,7,6,6,7,6,9,30,3,3,3,2,1,1,8,1,3,2,3,14
1,47,27,7,8,1,7,5,6,6,3,1,5,5,5,6,5,6,7,1,28,240,1,20,6,1,2,1,8,3,3,1,5,4
2,40,14,8,12,1,6,6,6,6,3,1,6,6,5,5,5,5,6,2,2,90,3,50,7,3,1,1,2,3,1,6,3,14
1,53,11,7,2,1,5,6,7,6,2,9,6,6,4,6,5,6,7,18,25,30,4,3,1,5,2,2,,,5,6,3,14
1,51,47,7,7,2,7,8,8,8,3,10,8,8,8,7,8,8,8,18,21,90,3,3,1,1,1,1,21,6,4,1,9,1
2,29,23,7,8,2,8,9,10,10,1,3,9,9,9,9,9,10,9,5,28,120,1,3,1,1,1,3,,,1,2,8,7
2,31,23,7,8,2,8,8,9,9,2,11,8,7,7,7,7,7,7,6,25,80,3,3,1,1,2,1,8,3,4,6,8,6
1,35,19,7,25,2,6,6,6,6,3,10,6,7,6,6,6,6,6,18,28,30,3,2,1,2,2,1,25,2,2,1,3,8
1,58,11,7,8,2,5,5,9,9,2,10,8,8,7,7,9,9,9,18,9,30,2,8,4,1,2,5,,,4,6,10,2
2,27,14,7,8,1,7,7,7,7,2,9,6,7,6,6,7,5,6,4,28,60,2,5,4,2,2,1,8,1,2,2,3,14
2,24,13,7,8,1,5,6,6,6,3,18,6,6,6,6,6,6,6,18,28,30,5,3,1,1,2,1,8,1,3,4,3,3
1,54,13,8,9,1,10,10,10,10,1,10,5,5,5,5,5,5,5,18,8,20,1,4,1,1,1,1,28,,3,2,4,6
2,53,14,7,8,1,7,7,7,7,2,7,7,7,7,6,7,7,7,18,2,60,1,5,2,1,2,1,12,4,4,2,7,11
1,33,23,7,8,1,10,10,10,10,1,1,10,10,10,10,10,10,10,9,20,30,3,6,1,3,2,1,8,2,1,1,3,4
1,30,11,7,8,2,4,5,6,6,3,9,6,4,3,6,6,6,7,6,24,90,1,3,1,1,2,1,8,4,1,2,4,14
2,54,28,7,25,1,6,6,6,6,2,7,6,6,6,6,6,6,6,18,2,60,1,5,3,1,2,1,8,3,1,4,2,3
2,43,3,8,8,2,10,10,10,10,1,7,10,10,10,10,10,10,10,15,28,50,1,5,1,1,2,1,8,6,3,6,8,1
1,49,43,7,24,1,8,8,8,8,2,2,8,8,8,8,8,8,8,18,8,30,1,10,3,1,2,1,24,1,1,2,4,5
1,46,11,7,8,2,8,9,10,10,1,10,10,10,8,10,10,10,10,18,24,30,1,10,3,3,2,1,28,,2,6,3,10
2,30,16,7,8,2,8,9,9,9,2,10,9,6,3,10,7,9,9,18,2,30,1,3,2,2,2,1,8,2,2,1,3,4
2,35,40,7,27,2,1,6,7,1,5,19,1,1,1,1,1,1,1,18,28,30,3,2,1,1,1,1,28,,4,2,7,14
1,23,13,7,8,2,6,7,8,7,2,16,7,8,7,7,7,8,7,9,2,90,2,10,4,3,2,5,,,1,1,5,4
1,42,13,7,8,1,9,9,9,9,2,3,9,9,9,9,9,9,9,18,2,10,1,10,3,2,2,1,8,2,2,4,10,13
1,29,11,7,25,2,4,4,8,8,2,11,7,7,7,8,7,7,7,18,28,90,1,10,7,2,3,10,,,2,2,3,5
2,45,13,7,25,2,5,6,4,5,3,9,5,5,5,8,6,5,5,14,8,15,1,5,3,1,2,1,8,6,4,1,3,4
1,40,13,7,8,2,8,8,9,8,2,2,7,8,7,9,8,7,8,6,2,10,3,5,4,1,2,1,8,2,4,2,3,4
2,53,14,7,27,1,5,8,7,8,2,3,7,8,7,5,6,7,6,5,8,20,3,5,2,3,2,1,8,6,2,1,2,3
1,47,40,7,24,2,3,4,7,6,3,7,5,5,3,4,6,5,6,18,28,30,3,3,3,1,1,7,,,1,1,3,6
1,40,23,7,8,2,6,6,7,6,3,2,7,6,7,6,7,6,5,3,2,1,6,3,1,1,3,3,,,2,5,2,6
2,28,26,7,27,2,7,6,4,5,2,2,6,5,3,7,8,8,7,4,8,3,4,2,2,1,1,1,8,3,1,2,3,6
1,35,27,7,8,2,8,7,8,8,2,7,7,7,7,7,7,7,7,6,12,60,3,5,1,1,3,6,,,1,2,3,7
1,43,27,7,8,1,4,1,7,7,3,4,6,7,7,3,7,7,7,15,28,15,1,10,7,2,2,1,8,3,2,6,3,9
2,54,27,7,12,2,6,6,6,6,2,11,7,7,5,7,7,7,7,6,8,10,1,5,1,2,2,1,12,2,2,6,8,3
2,46,1,7,8,2,8,8,9,8,2,13,8,8,6,8,9,9,9,15,25,3,1,3,1,2,1,1,8,3,2,6,7,11
1,31,27,7,25,2,9,9,9,9,2,1,8,8,8,8,8,8,8,14,8,3,3,20,4,3,2,1,28,,2,1,2,4
1,37,23,7,24,2,8,9,10,8,2,9,8,8,8,8,8,8,8,18,28,20,1,5,2,2,2,2,,,2,2,4,9
2,45,23,7,25,1,7,7,7,7,3,2,7,7,6,6,7,7,7,4,2,10,1,10,3,2,2,1,2,2,1,2,7,14
1,58,27,7,8,1,7,7,8,7,2,11,7,7,6,7,7,7,7,6,24,10,1,3,3,1,2,1,8,2,4,1,3,11
1,32,40,7,8,2,7,8,6,8,2,2,8,7,8,6,8,7,5,1,28,25,3,2,3,1,2,1,28,,1,2,3,10
2,59,1,7,8,1,6,4,5,5,4,11,8,3,4,3,5,5,5,6,28,60,2,4,1,1,1,1,28,,4,2,7,6
2,30,13,7,8,1,6,7,9,7,2,5,10,10,10,7,7,9,10,18,25,30,3,4,2,1,1,1,25,6,3,2,7,5
1,51,12,7,27,2,7,7,7,7,2,11,7,7,7,7,7,7,7,17,28,7,1,5,1,4,2,1,27,2,2,2,3,8
1,48,43,7,8,1,4,7,7,6,3,19,7,5,6,5,4,6,6,3,25,100,1,5,3,2,2,1,8,1,2,7,7,5
1,62,13,7,8,1,7,6,6,8,2,9,7,7,6,7,7,8,8,18,25,30,1,2,2,1,2,4,,,1,2,3,10
1,41,11,7,8,1,7,7,8,8,2,7,8,8,6,7,7,8,8,5,24,7,1,5,3,1,2,1,8,3,1,2,3,13
1,42,10,7,8,2,6,6,6,6,3,13,7,8,7,6,6,6,6,6,28,20,2,3,3,2,1,1,28,,2,2,3,6
1,50,15,7,8,1,9,8,9,8,2,11,9,9,7,9,9,9,10,6,28,15,7,3,3,1,2,1,28,,4,1,3,8
1,45,13,7,25,1,9,8,8,8,2,16,8,9,6,8,8,9,8,18,8,30,1,5,1,1,2,1,25,2,2,2,3,14
1,38,23,7,8,2,6,7,8,7,2,11,7,7,6,8,7,7,7,5,25,60,3,5,2,1,2,1,8,2,1,1,3,5
2,67,23,7,8,2,7,7,7,7,2,13,7,7,7,7,7,7,7,10,28,40,4,0,1,1,2,2,,,1,2,7,5
2,37,13,7,8,2,1,2,2,3,3,11,4,4,3,3,3,3,3,6,28,20,2,3,3,1,2,1,8,2,3,1,7,5
2,39,4,7,25,1,8,8,8,8,2,11,4,7,4,7,7,6,6,17,27,80,1,5,1,1,1,5,,,3,4,4,8
1,33,11,7,27,1,7,7,7,7,2,11,7,7,6,7,7,7,7,5,12,10,3,5,1,2,2,2,,,2,1,9,3
2,34,14,7,25,2,7,7,8,8,2,9,7,6,6,8,8,8,7,18,28,15,3,10,1,2,2,1,25,1,2,6,3,11
1,60,14,7,8,2,6,6,6,6,3,2,5,6,6,6,6,6,6,1,1,30,7,20,3,1,3,1,8,1,1,2,3,14
2,27,13,7,8,2,7,7,7,9,2,13,8,8,7,7,8,9,7,2,28,14,1,3,1,1,2,1,8,3,2,4,3,4
1,26,40,7,18,1,5,5,8,3,2,7,8,8,8,8,7,8,7,15,2,40,3,4,1,1,2,9,,,1,5,3,5
2,32,13,7,8,1,5,5,5,5,3,19,5,5,5,5,5,5,5,18,28,15,5,2,1,1,1,5,,,1,2,7,11
2,50,4,7,9,2,7,7,6,7,2,9,7,7,7,7,7,7,7,18,24,30,1,1,1,1,2,1,24,6,3,2,7,14
2,28,10,7,8,1,7,7,9,9,2,10,8,9,8,8,8,6,8,6,28,30,1,4,2,2,2,1,8,1,2,6,8,5
1,38,33,8,8,1,10,7,10,10,2,14,10,10,7,10,10,10,10,18,28,10,1,6,1,1,3,1,8,2,1,1,3,4
2,64,44,7,17,2,5,5,5,5,3,2,4,5,5,4,5,5,5,18,19,10,4,2,1,1,2,6,,,1,6,9,3
1,35,27,7,8,1,8,8,7,8,2,11,8,8,5,8,9,8,10,6,25,90,1,5,4,1,3,1,8,2,1,2,4,14
2,35,22,8,8,2,7,8,10,10,2,9,8,8,8,6,7,8,8,18,28,20,3,1,3,3,2,1,8,1,2,6,3,7
2,26,14,7,27,2,8,7,8,7,2,11,7,7,7,7,7,8,7,15,28,14,6,6,1,1,2,9,,,3,6,7,5
2,39,13,7,2,2,5,5,7,5,3,19,6,6,1,6,7,3,7,18,28,60,1,3,1,1,2,1,2,2,4,5,3,14
1,43,13,7,12,1,9,9,9,9,2,11,8,8,6,8,6,7,9,18,8,14,1,5,1,1,2,1,8,6,3,4,3,4
1,41,27,7,24,2,8,8,9,8,2,9,9,9,8,8,9,9,9,5,8,30,2,3,3,2,2,1,24,4,2,1,3,10
2,30,8,7,24,1,7,7,7,7,2,3,7,7,7,7,7,7,7,18,8,14,1,5,4,2,2,1,24,1,2,6,7,7
2,27,28,7,8,1,5,5,5,5,3,9,5,6,5,5,5,5,5,18,28,30,4,1,1,1,1,1,28,,1,2,4,9
1,50,4,7,21,1,7,6,7,8,2,11,7,7,6,7,7,8,7,4,12,40,3,3,6,1,2,7,,,4,2,2,2
1,30,25,7,8,1,4,6,6,7,2,7,6,8,8,8,8,8,9,6,28,14,1,5,1,1,2,1,8,3,2,1,3,14
2,32,25,7,25,2,4,5,4,5,3,19,5,5,4,5,4,4,5,18,8,45,2,2,1,1,2,1,8,6,1,5,3,4
2,22,1,7,27,2,10,10,10,10,1,11,10,10,10,10,10,10,10,2,12,15,7,3,2,1,2,9,,,1,1,2,2
2,33,40,7,25,2,7,7,7,7,2,19,7,6,7,7,7,7,7,5,8,30,3,3,2,1,2,5,,,2,2,3,7
1,38,36,7,8,2,7,8,9,7,2,9,7,6,5,6,5,5,5,18,28,7,2,2,1,1,2,1,8,2,4,1,4,7
2,25,17,7,8,2,8,8,8,8,2,10,8,8,8,8,8,8,8,18,28,90,3,10,1,3,2,1,8,2,2,1,3,4
2,43,13,7,25,2,9,9,8,8,2,7,7,7,5,10,5,8,7,5,2,90,2,5,2,1,2,1,8,6,4,1,3,7
2,46,13,7,8,2,9,9,9,9,2,10,9,9,9,8,8,8,8,18,2,30,1,2,1,1,2,1,2,6,4,1,2,14
1,37,8,7,8,1,6,6,6,6,2,16,5,5,4,5,5,5,5,2,25,30,3,5,1,1,2,1,12,6,4,1,3,14
2,36,27,7,8,2,5,6,6,6,3,9,5,6,6,6,6,6,6,9,2,10,2,2,3,1,2,1,8,2,1,4,8,5
2,59,14,7,2,2,7,7,8,8,2,15,7,7,6,7,8,7,6,12,27,20,1,2,1,1,2,1,8,6,4,2,2,14
2,50,20,8,27,1,8,8,8,8,2,11,7,7,7,7,7,7,7,18,2,14,4,3,1,1,1,1,8,1,3,6,3,14
2,44,1,7,27,2,6,6,5,6,3,18,7,6,6,6,6,6,7,18,27,40,1,2,1,1,2,5,,,1,6,7,1
2,33,46,7,8,2,6,7,10,10,2,11,9,9,7,10,10,10,10,6,2,15,2,2,2,1,1,1,8,2,1,7,8,8
1,41,8,7,1,1,4,6,6,6,2,7,5,5,5,5,5,5,5,18,8,14,7,2,1,2,2,1,1,2,3,1,4,6
2,63,34,8,2,1,3,5,6,6,4,10,6,6,6,6,6,6,6,8,8,30,2,5,2,3,3,8,,,1,2,3,1
2,50,5,7,24,2,5,6,6,6,3,11,4,5,5,5,6,6,5,18,28,30,1,5,1,1,2,1,28,,1,1,2,2
2,40,4,7,14,2,5,5,5,5,4,5,7,5,10,5,6,5,7,18,28,7,1,3,4,1,2,1,8,4,1,2,6,14
2,25,13,7,8,2,8,5,8,7,2,11,8,7,7,7,7,8,7,6,12,20,2,2,1,2,2,1,8,2,2,2,7,5
2,32,23,7,25,2,7,7,8,8,2,11,6,7,7,7,7,6,7,18,8,14,2,2,1,1,2,1,28,,3,1,6,3
1,49,14,7,25,2,10,9,10,9,2,10,7,7,7,7,7,7,7,17,2,20,1,3,2,1,2,1,25,5,1,6,6,4
2,33,40,7,8,1,6,6,6,6,3,13,6,6,6,6,6,6,6,6,12,65,4,3,4,2,2,1,8,3,2,4,9,3
2,42,13,7,8,2,8,8,8,8,2,10,8,9,8,8,8,8,8,5,2,12,1,4,1,2,1,1,8,2,2,1,3,5
2,21,41,7,8,2,3,3,3,3,3,19,3,3,3,3,3,3,3,18,25,30,3,4,5,2,3,1,28,,4,6,7,5
2,50,40,7,18,1,7,5,6,8,3,9,7,7,4,5,7,8,8,18,2,60,1,5,1,1,3,9,,,5,2,3,8
2,24,27,7,8,1,7,7,7,7,3,2,7,6,7,7,7,8,8,18,28,60,4,2,2,2,2,1,20,6,1,2,3,4
2,42,4,7,8,1,7,7,7,7,2,3,7,7,7,6,7,6,6,5,28,30,3,2,3,3,3,1,28,,3,2,8,14
2,21,41,7,14,2,8,8,7,8,2,4,8,8,9,9,10,10,9,5,25,3,4,5,1,1,2,1,8,6,4,1,1,1
1,49,15,7,8,1,10,10,10,10,3,2,10,10,10,10,10,10,10,18,28,14,1,10,6,1,2,1,8,1,1,1,3,8
2,44,13,7,8,2,8,6,8,8,2,9,7,7,6,7,7,7,7,18,27,60,2,5,3,2,2,1,8,2,2,6,7,11
2,25,33,7,8,2,5,7,7,6,2,11,7,6,7,6,5,6,3,1,28,30,2,15,6,2,1,1,28,,3,4,3,5
2,73,14,7,8,2,6,7,7,6,2,9,7,8,7,6,8,7,9,3,24,20,3,3,4,2,2,1,8,3,2,6,7,11
1,44,13,7,8,1,6,9,7,9,3,19,8,8,8,9,9,9,8,1,28,60,1,2,2,1,3,1,28,,3,2,5,4
2,39,23,7,14,1,5,5,6,5,3,11,5,6,5,6,5,5,5,18,8,10,1,5,1,1,3,1,11,2,1,6,8,14
2,54,28,7,8,2,8,8,8,8,2,9,8,8,8,8,8,8,8,6,12,10,3,3,1,1,2,1,12,6,3,2,7,8
2,35,14,7,8,1,5,6,6,6,2,2,6,6,6,6,6,6,6,5,28,90,5,0,1,1,3,1,28,,3,6,8,6
2,56,13,7,24,1,6,6,4,5,4,13,6,5,3,6,6,5,6,10,8,40,3,2,3,1,2,8,,,4,6,7,6
2,23,23,7,8,2,5,5,5,5,3,2,5,5,5,5,5,5,5,18,27,40,2,3,4,1,2,1,27,1,1,4,9,5
1,55,27,7,8,1,5,5,7,6,2,7,6,6,6,6,6,7,7,3,24,30,1,4,2,1,2,1,8,1,1,1,3,5
2,38,43,8,2,1,7,7,6,6,2,11,7,7,7,7,7,7,7,18,1,5,3,1,1,1,2,1,1,1,1,6,4,11
1,37,13,7,2,2,7,7,7,7,3,17,7,7,7,7,7,7,7,18,8,10,3,10,6,2,2,1,2,1,2,2,3,14
2,54,14,7,8,1,5,5,5,5,3,11,7,7,7,7,7,7,7,18,1,30,1,3,1,1,2,1,1,2,4,2,7,7
2,42,14,7,2,2,6,6,6,6,3,5,6,7,6,6,6,7,6,18,8,30,1,3,3,1,3,7,,,4,1,3,14
1,46,27,7,12,2,2,2,3,2,4,11,5,5,5,5,5,5,5,5,8,30,2,1,2,1,2,1,8,2,4,1,3,8
1,51,24,7,27,2,10,10,10,10,1,13,10,8,8,8,10,8,10,4,8,1,1,2,1,1,2,5,,,4,1,8,3
2,51,23,7,8,2,5,5,6,6,3,13,6,6,6,6,5,5,5,18,12,20,1,2,1,1,2,1,8,10,3,2,8,6
1,32,12,7,27,1,3,3,2,4,4,7,6,5,6,7,5,6,7,4,8,20,4,3,2,1,2,1,8,2,3,1,3,3
2,32,33,7,8,1,6,6,6,6,3,1,6,6,6,6,6,6,6,3,28,3,1,5,1,1,3,1,28,,4,1,4,10
2,28,1,7,12,1,6,6,6,6,2,10,8,7,7,7,7,7,7,6,8,30,1,1,1,1,1,1,8,2,3,1,2,14
2,45,44,7,2,2,8,8,7,7,2,13,8,8,8,8,8,8,8,18,12,90,3,6,1,1,2,1,2,7,4,6,7,5
1,41,11,7,8,2,6,8,5,5,3,7,7,7,7,10,8,6,10,4,2,2,3,2,1,1,2,4,,,1,1,2,5
1,51,14,7,2,1,5,4,5,4,4,3,5,4,4,4,4,4,5,5,8,1,3,2,2,1,3,1,2,2,4,1,3,14
2,56,23,7,8,2,5,5,5,5,2,10,6,5,5,5,5,5,5,9,28,180,6,5,1,1,3,1,24,8,4,6,3,5
2,26,40,7,8,2,9,9,9,9,1,11,10,7,7,10,9,10,9,3,25,30,1,20,3,1,2,1,8,3,1,4,4,8
2,38,27,7,8,2,6,7,7,7,2,10,7,6,6,7,6,7,7,18,28,60,3,3,1,1,2,1,8,4,1,6,3,7
2,35,13,7,8,1,8,8,7,8,3,8,8,8,7,6,7,7,8,5,2,60,1,3,1,1,2,1,8,3,3,6,3,8
2,35,12,7,8,2,6,6,7,7,3,13,7,7,7,7,6,6,7,18,2,30,1,2,1,1,2,1,2,2,3,6,3,14
1,45,13,7,26,1,7,7,4,6,3,8,6,6,7,6,6,6,7,18,8,180,3,2,1,1,2,1,8,6,4,4,3,5
1,48,46,7,8,2,5,6,7,7,2,13,5,9,1,8,7,7,9,5,28,3,1,3,1,1,1,1,8,3,1,1,9,1
2,34,13,7,25,1,3,3,5,5,2,16,6,6,5,4,6,6,6,18,8,90,1,3,3,1,2,1,8,2,4,1,2,3
2,74,28,7,8,2,8,8,9,9,1,9,8,8,8,8,8,8,8,5,24,7,3,2,1,1,3,3,,,3,6,9,8
2,56,11,7,27,2,5,5,5,5,2,9,5,5,5,4,5,4,7,2,8,30,3,3,3,1,2,9,,,1,7,2,5
2,27,23,7,8,2,7,7,7,7,3,15,6,6,6,6,6,7,6,4,28,30,1,2,2,1,2,1,8,2,1,2,3,6
1,46,11,7,8,2,6,7,7,6,2,8,7,7,8,8,7,8,8,18,24,25,1,5,1,1,2,1,24,6,3,2,3,8
2,51,42,7,2,2,7,7,7,7,2,10,7,7,7,7,7,7,7,4,1,30,2,2,1,2,2,1,2,1,4,2,3,7
2,56,5,7,8,2,8,8,8,8,3,18,8,8,8,8,8,8,8,3,2,30,1,5,1,1,2,5,,,1,1,9,1
1,56,37,7,14,2,6,6,5,5,2,5,6,6,7,6,6,6,6,18,8,30,2,10,3,1,2,1,2,6,1,1,2,3
2,34,9,7,8,2,8,8,6,7,2,8,7,7,7,7,7,7,7,5,28,60,3,1,1,1,2,1,8,2,4,6,7,5
2,33,27,7,8,2,9,8,9,7,2,9,8,9,8,7,8,8,10,18,2,30,2,5,1,1,3,1,8,3,4,1,3,4
2,20,10,7,12,1,8,8,8,8,2,9,8,8,8,8,8,8,8,5,8,30,1,8,3,1,2,1,12,2,1,8,1,3
2,37,8,7,25,2,10,10,10,10,1,11,10,10,5,10,10,10,10,18,8,120,2,4,1,1,1,4,,,4,6,7,6
1,50,28,7,14,2,1,1,8,5,3,13,3,5,1,1,8,8,3,5,8,30,1,2,1,1,2,1,2,6,1,8,8,1
1,38,13,7,9,1,7,8,7,7,2,2,8,7,7,8,7,8,8,12,8,30,1,5,2,1,1,5,,,1,1,3,5
2,31,40,7,2,1,5,8,6,7,2,15,7,7,6,8,6,9,8,18,8,30,2,2,1,2,1,1,2,1,2,6,7,4
2,35,40,7,8,2,7,10,10,10,2,13,7,7,7,7,6,6,6,18,2,30,1,50,1,1,2,1,8,2,1,4,4,3
2,25,43,7,8,2,9,9,9,8,2,9,9,9,9,8,9,9,8,3,2,90,4,3,1,1,2,1,28,,3,8,3,13
2,36,13,7,8,2,6,6,6,6,3,11,6,7,6,6,6,6,5,6,2,180,3,3,5,1,2,1,2,2,1,4,2,11
2,24,8,7,27,2,6,7,6,7,3,19,6,7,6,6,7,6,5,15,28,14,5,2,2,1,2,1,8,6,1,1,3,2
2,22,6,7,8,1,4,4,6,5,4,9,5,5,5,5,5,5,5,15,28,15,1,5,3,1,2,9,,,1,1,4,3
1,42,43,7,25,1,5,6,8,8,2,11,8,9,8,8,8,8,8,18,8,60,2,4,2,1,2,1,8,2,4,6,4,7
2,30,6,7,8,2,8,8,7,7,3,10,8,7,7,8,8,8,6,6,28,3,1,3,3,1,2,1,8,2,3,2,8,14
1,56,1,7,12,1,8,8,8,10,1,1,10,10,6,7,10,10,10,18,8,30,3,5,6,1,1,1,12,1,1,8,4,11
2,53,12,7,8,1,3,3,3,3,5,19,1,3,3,3,3,3,3,18,24,3,1,0,1,1,2,5,,,3,6,8,1
2,47,20,7,8,2,7,7,7,7,2,8,7,7,6,7,7,7,7,15,28,14,3,1,1,1,2,9,,,4,1,2,3
1,26,14,7,2,1,5,6,8,7,2,9,8,8,8,8,8,8,9,4,8,30,2,5,4,1,2,1,8,6,1,1,3,4
1,42,1,7,8,1,8,10,10,9,2,11,10,10,7,9,10,10,9,18,12,14,1,30,6,3,1,1,8,2,2,2,3,7
1,35,11,7,2,2,6,6,6,6,3,9,6,6,6,6,6,6,6,12,25,7,2,20,7,2,2,1,2,3,2,2,3,14
1,29,13,7,8,2,7,6,6,6,2,19,6,6,6,6,6,6,6,18,28,10,2,10,2,1,2,1,8,1,1,1,3,4
2,33,13,7,8,2,4,5,4,5,3,9,5,5,5,5,5,5,5,2,28,90,2,5,2,1,2,1,8,1,1,2,3,14
1,47,11,7,8,2,8,8,8,8,2,13,8,8,7,8,8,8,8,18,25,40,1,6,1,1,1,2,,,3,2,3,6
2,32,11,7,8,2,5,6,7,7,2,15,7,8,3,8,5,8,7,18,25,14,1,1,1,2,3,1,8,4,2,6,4,8
2,34,2,8,24,1,6,7,8,7,3,1,7,8,6,7,6,7,6,6,8,10,2,20,4,1,3,5,,,1,6,7,4
2,39,13,7,8,2,5,8,8,8,2,10,6,7,5,8,6,7,6,18,12,10,1,10,1,1,2,1,8,2,4,6,8,2
1,48,23,7,8,1,7,7,8,7,2,9,7,7,7,7,7,8,7,5,2,70,2,6,4,1,2,1,8,2,4,6,3,8
2,44,46,7,8,1,7,7,7,7,2,4,7,7,7,7,7,7,7,2,28,7,1,5,1,1,2,1,8,3,1,1,8,1
1,39,33,7,9,2,5,5,5,5,2,7,7,7,6,6,5,6,6,18,28,180,3,10,7,1,2,5,,,1,1,9,1
1,27,19,7,12,1,8,8,7,6,2,18,9,8,8,7,8,7,8,1,8,2,1,1,2,1,2,2,,,2,1,4,4
1,48,27,7,8,1,5,5,5,5,3,19,5,5,5,5,5,5,5,18,28,10,1,5,1,1,3,1,8,4,4,1,3,11
2,57,14,7,8,2,8,8,8,8,2,13,8,9,3,9,5,9,8,6,6,180,2,10,1,1,2,1,6,6,3,6,7,8
2,37,40,7,11,1,5,5,5,5,2,7,8,7,7,7,6,6,9,18,28,7,1,2,2,3,2,1,8,6,2,6,3,3
2,21,23,7,27,2,3,4,7,6,3,10,7,5,5,6,5,6,6,18,28,30,3,5,4,1,3,1,27,3,1,8,7,2
2,34,13,7,8,2,8,8,8,8,2,9,8,8,7,8,8,9,8,18,2,30,1,5,3,4,2,1,8,4,2,6,7,11
2,33,13,7,8,1,9,9,9,9,1,11,9,9,8,8,8,8,9,18,25,30,1,5,2,1,2,1,8,1,4,1,3,5
2,48,25,7,8,2,6,6,5,6,2,2,8,7,7,6,6,6,6,5,28,120,4,2,1,1,3,1,28,,2,2,7,7
2,35,14,7,25,2,8,8,8,8,2,2,8,8,7,8,8,8,8,18,2,60,1,4,3,3,2,1,25,4,2,2,8,14
1,29,43,7,8,1,4,5,5,5,3,19,5,6,5,4,4,4,5,18,28,60,1,1,3,3,3,9,,,1,4,4,14
2,43,26,7,8,1,6,7,8,8,2,7,7,7,7,7,7,7,6,18,28,10,1,3,2,2,2,1,8,2,2,1,2,2
2,42,1,7,25,2,5,5,8,8,2,13,7,7,4,7,5,7,5,18,8,60,1,3,1,1,1,1,28,,4,1,2,2
1,49,12,7,8,2,10,10,10,10,1,2,10,10,10,10,10,10,10,18,12,10,1,3,1,1,1,1,8,2,3,1,3,6
1,24,24,8,8,1,8,8,8,8,2,11,8,8,8,8,8,8,8,18,28,90,3,7,4,2,1,7,,,4,2,3,14
2,35,40,8,25,2,10,10,10,10,1,13,10,10,10,10,10,10,10,18,8,30,1,4,1,1,2,1,8,6,4,6,7,6
2,33,23,7,12,2,4,5,6,6,3,7,7,7,1,7,5,8,10,6,8,60,1,10,1,1,1,1,2,6,4,6,7,4
2,29,19,7,8,2,8,7,8,9,2,2,6,7,4,6,7,5,7,18,2,60,1,2,1,1,2,1,8,3,1,6,7,5
1,33,13,7,8,2,7,7,8,8,2,9,8,7,8,8,8,8,8,18,28,10,1,3,1,1,3,1,11,10,3,1,3,7
2,32,24,7,2,2,5,4,5,5,3,16,5,5,5,5,5,5,5,18,8,20,3,5,1,1,2,1,8,2,5,4,9,14
1,35,11,7,8,1,4,4,4,4,3,3,5,4,4,4,4,4,4,18,27,10,4,2,1,1,2,1,28,,1,2,3,6
2,32,11,7,8,1,7,8,8,7,2,9,8,8,6,8,8,8,7,18,28,30,3,3,1,1,1,1,8,3,2,6,6,8
2,54,14,7,25,2,6,5,6,5,3,13,5,5,5,5,5,5,5,18,2,60,1,3,1,1,1,1,2,2,5,1,10,3
2,29,14,7,8,1,10,10,10,10,1,9,10,10,5,10,10,5,5,18,25,10,1,3,2,2,2,1,25,6,2,2,7,8
2,42,22,7,27,2,5,5,5,5,3,1,5,5,5,5,5,5,5,18,28,30,1,3,1,1,2,2,,,1,1,3,4
1,38,13,7,2,2,10,10,10,10,1,9,10,10,5,10,10,10,10,18,28,7,1,5,1,6,3,1,2,2,2,1,3,6
2,35,14,7,8,1,6,6,8,6,2,9,6,6,4,6,6,7,7,6,24,30,3,5,3,2,1,1,24,6,3,2,3,14
2,47,13,7,8,1,7,6,7,7,2,11,7,7,7,7,7,7,7,18,24,21,1,3,3,1,2,1,8,2,3,1,3,5
1,49,27,7,24,1,8,8,8,9,3,2,8,8,8,8,8,8,8,18,28,7,3,2,1,1,2,9,,,4,5,3,4
1,48,11,7,27,2,7,8,8,8,2,7,7,6,6,8,7,8,8,18,28,10,1,4,2,2,2,11,,,2,1,1,1
1,36,13,8,8,2,8,8,8,8,2,7,7,7,8,7,8,8,8,18,28,15,4,3,2,2,1,1,8,2,2,1,3,6
2,42,9,7,25,1,5,5,5,5,3,11,5,5,5,5,5,5,5,18,8,7,1,2,1,1,2,1,8,10,3,6,7,14
1,40,14,7,24,2,8,8,8,7,3,1,7,7,6,7,6,7,7,1,8,15,1,50,7,5,3,1,8,1,1,6,4,7
2,54,4,7,8,1,6,7,6,7,2,10,7,7,7,7,7,6,6,5,28,14,1,3,6,4,1,1,8,2,4,1,8,14
2,37,10,7,2,2,6,7,7,6,2,10,7,7,6,7,6,7,6,18,8,50,2,3,1,1,2,1,8,2,3,4,3,14
1,49,14,7,25,2,7,7,8,8,2,11,8,8,8,8,8,8,8,18,12,20,1,3,3,1,3,1,8,10,3,1,3,8
2,41,31,7,8,2,6,5,5,5,2,18,6,4,6,6,6,7,6,5,24,120,4,3,1,1,2,2,,,4,1,3,3
2,45,1,8,8,2,6,6,5,5,2,10,6,6,6,6,6,6,6,18,12,15,2,2,1,1,2,1,8,6,4,2,7,6
1,49,14,7,8,2,3,7,8,8,2,10,8,6,8,6,6,7,7,18,28,60,2,3,1,1,2,1,28,,1,2,3,14
1,33,14,7,2,2,1,4,7,4,3,11,3,5,5,5,5,5,6,18,25,30,3,5,2,1,2,1,25,6,3,4,3,9
2,38,11,7,11,1,5,5,5,5,3,11,4,5,5,5,5,5,5,18,8,60,1,1,1,1,2,1,28,,3,1,3,5
1,50,27,7,8,1,3,3,8,8,2,9,8,8,7,5,8,9,9,4,25,550,1,3,1,1,1,1,28,,3,1,3,8
2,43,15,7,1,1,5,5,10,7,2,9,5,5,5,5,5,4,5,18,2,45,2,2,1,1,2,1,2,6,4,6,2,6
2,34,13,8,8,1,8,8,8,8,2,11,8,8,8,8,8,8,7,18,28,30,1,3,1,5,2,1,8,3,2,2,3,11
1,41,3,7,8,1,7,7,7,7,2,11,7,7,7,7,5,7,7,5,12,10,3,3,3,1,2,1,8,3,4,1,3,8
1,38,23,7,8,1,7,7,8,8,2,9,8,7,5,7,5,6,7,6,28,14,3,3,1,1,3,3,,,4,1,3,9
1,39,22,7,1,1,9,9,9,8,1,9,8,8,7,9,8,9,9,18,24,14,1,2,1,2,3,1,8,6,2,6,3,9
2,29,23,7,8,2,5,5,5,5,3,9,5,5,5,5,5,5,5,18,28,20,2,6,1,1,2,1,8,2,4,6,7,3
2,35,12,7,21,1,7,7,8,8,1,11,8,8,7,8,7,8,8,5,2,14,1,4,2,1,2,7,,,1,4,8,7
2,47,23,7,8,1,7,7,7,7,3,9,8,8,8,7,8,7,8,18,28,180,3,5,1,1,2,1,28,,3,4,3,3
1,41,35,7,8,2,6,7,7,7,2,7,7,7,7,7,7,7,7,2,2,30,2,6,3,1,2,9,,,1,2,3,4
2,34,42,7,2,2,8,8,8,8,2,9,8,8,8,8,8,8,8,18,8,15,1,3,1,1,2,1,8,6,3,6,3,10
1,47,14,7,8,1,8,8,8,8,2,13,6,6,6,6,6,6,6,6,28,20,1,1,1,1,2,1,8,2,3,1,3,7
2,32,13,7,8,1,5,7,5,5,2,11,7,6,5,5,7,6,7,6,2,15,3,3,1,2,2,1,8,6,2,1,3,3
1,38,13,7,2,2,10,10,10,10,1,9,10,10,5,10,10,10,10,18,28,7,1,5,1,6,3,1,2,2,2,1,3,5
1,30,46,7,8,1,9,10,8,9,1,9,9,8,8,10,9,9,8,5,2,60,3,5,3,2,2,1,8,2,2,6,3,4
2,24,1,7,8,2,6,6,6,6,3,1,6,6,6,6,6,6,6,18,28,30,1,2,3,1,2,1,28,,1,1,8,14
1,48,1,7,14,1,7,7,7,6,2,9,7,7,7,7,7,7,7,4,28,15,1,3,1,1,1,1,8,3,3,2,3,14
2,29,4,7,8,2,1,1,4,5,3,9,10,7,6,5,5,6,8,5,28,20,1,2,5,1,2,1,28,,1,2,7,5
2,43,4,7,9,1,1,5,6,7,3,1,4,7,5,1,4,5,5,18,8,20,1,3,1,1,2,5,,,3,1,3,1
1,46,13,7,8,1,7,8,7,7,2,3,8,8,7,7,8,7,9,6,28,30,2,10,4,1,2,4,,,4,1,3,6
2,28,11,7,25,2,8,8,8,8,2,13,8,8,6,8,7,8,8,18,28,30,3,3,2,2,2,4,,,2,2,8,5
1,29,12,7,8,1,5,5,5,5,3,9,5,5,5,5,5,5,5,18,28,60,2,1,1,1,2,1,8,3,4,2,3,10
1,75,23,7,8,2,8,8,7,8,3,3,6,6,7,6,7,7,7,6,6,10,1,5,1,1,2,1,8,2,1,1,3,7
2,26,13,7,8,1,7,7,5,7,2,9,5,7,5,6,7,6,5,2,25,14,3,3,2,1,2,1,2,1,1,1,4,4
2,28,35,7,8,1,10,10,10,10,3,16,6,10,7,10,8,10,10,18,12,10,1,3,1,1,2,11,,,3,2,8,5
2,29,9,8,8,1,10,10,10,10,2,9,4,7,4,4,6,5,4,18,2,7,1,2,1,1,2,1,8,2,1,6,7,5
1,41,11,7,25,2,8,8,8,8,2,9,7,7,7,8,8,8,8,18,8,15,2,3,1,1,1,1,28,,3,1,4,6
2,47,11,7,2,1,7,5,6,6,2,12,6,7,7,7,7,6,7,18,8,30,2,2,2,1,2,1,8,5,3,1,3,5
1,60,26,8,26,2,8,8,7,7,1,3,8,8,8,8,8,9,9,13,28,50,1,10,2,1,1,5,,,1,1,9,2
2,33,12,7,8,1,6,6,6,6,2,18,6,7,6,7,6,6,7,18,28,10,3,1,1,1,1,1,28,,2,2,5,6
1,51,12,7,2,1,8,8,8,8,1,8,7,7,7,7,7,7,7,18,28,10,1,3,4,1,2,1,2,2,4,1,3,5
1,52,30,8,8,1,6,6,6,6,3,8,7,7,7,7,7,7,7,5,26,900,2,10,1,1,2,5,,,4,6,4,5
1,37,34,7,12,2,4,3,4,7,3,7,7,7,5,5,5,6,8,5,28,30,1,6,3,2,2,6,,,2,6,3,8
1,43,42,7,21,2,7,7,7,7,2,4,7,7,7,7,7,7,7,18,8,14,1,7,1,1,2,5,,,3,1,8,3
1,39,14,7,2,2,8,8,8,8,3,11,8,7,8,7,7,6,7,18,25,30,2,1,1,2,2,1,2,1,2,1,3,5
1,43,24,8,12,2,6,6,6,6,4,11,6,6,6,6,6,6,6,18,25,30,4,15,7,1,1,11,,,3,6,3,8
1,52,4,7,8,1,5,5,5,5,3,2,5,5,5,5,5,7,6,16,28,10,1,10,1,2,3,1,28,,2,2,3,11
1,43,9,7,27,2,10,9,9,9,2,19,9,8,7,8,8,8,8,6,2,20,4,1,2,2,2,6,,,2,6,3,3
2,25,8,7,21,1,7,7,7,7,2,3,6,7,6,6,6,6,6,4,8,60,1,2,1,1,3,1,8,1,1,1,4,3
1,29,11,8,27,2,6,6,6,6,3,18,5,5,5,5,5,5,5,18,28,15,7,1,1,1,1,1,28,,3,5,4,9
1,34,1,7,8,1,7,8,8,7,2,9,8,7,7,7,7,7,7,6,28,30,1,3,2,1,2,1,8,1,1,4,3,14
1,59,43,7,2,1,6,6,6,6,3,13,6,6,6,6,6,6,6,18,28,30,2,8,2,1,2,1,28,,3,2,3,8
1,36,27,7,8,1,9,10,10,7,1,13,8,9,8,8,10,8,8,18,28,10,2,5,1,1,2,1,8,1,4,1,3,7
2,27,35,7,8,2,8,8,8,8,2,2,9,8,8,8,8,8,8,18,28,30,2,7,1,1,1,1,8,2,1,6,7,5
2,55,34,7,12,1,8,7,7,5,3,7,7,6,5,8,6,7,8,6,21,10,1,3,1,1,2,6,,,4,6,3,14
2,55,27,7,8,1,1,1,3,9,3,8,7,7,5,8,6,8,8,2,2,20,1,2,2,1,1,1,2,6,4,1,5,2
1,56,45,8,27,1,8,8,9,8,2,9,8,7,8,7,8,7,7,6,8,90,1,2,4,1,1,3,,,1,1,9,8
2,29,7,7,8,1,5,6,6,7,3,10,5,4,5,4,6,5,4,5,28,3,1,10,3,1,3,1,8,2,5,1,4,5
2,46,13,7,8,2,7,7,10,8,2,8,8,9,9,8,8,8,8,5,12,200,1,5,4,2,1,1,8,2,2,5,2,4
2,25,21,8,8,1,6,7,7,7,2,7,7,7,7,6,6,6,6,2,28,2,1,20,2,1,2,1,28,,1,4,3,6
1,35,12,7,8,1,5,6,6,6,2,9,7,6,6,6,5,6,6,18,24,14,1,3,4,3,2,1,24,6,2,1,3,5
2,40,1,7,8,1,5,6,6,6,3,7,4,5,5,5,5,5,5,6,28,60,3,1,2,1,1,1,28,,1,1,8,14
2,42,44,7,21,2,7,7,6,7,3,13,6,6,7,7,7,7,7,1,28,8,2,2,1,1,1,1,28,,4,2,7,6
2,30,14,7,8,1,7,7,8,8,2,4,9,9,5,7,7,8,8,6,28,60,1,2,2,1,2,9,,,2,3,8,2
2,35,46,8,8,2,7,7,7,8,2,13,7,7,5,8,9,7,8,18,28,14,1,1,1,1,3,1,8,3,1,6,3,8
2,33,7,8,8,2,6,6,7,7,2,7,7,7,7,8,7,6,7,4,12,20,1,4,1,1,1,6,,,1,1,3,3
2,42,41,7,25,1,5,4,8,8,3,2,6,8,5,8,8,8,5,18,28,7,1,4,5,2,1,10,,,2,2,7,14
2,25,43,8,21,1,8,9,7,8,3,9,7,8,8,8,8,8,8,14,8,60,3,3,3,1,2,1,8,3,1,1,3,4
2,40,11,7,25,1,6,8,5,7,3,9,8,7,6,8,7,9,10,5,2,30,1,5,1,6,2,2,,,3,1,4,14
2,26,11,7,8,2,8,8,8,9,1,16,9,9,8,8,8,8,9,18,28,10,1,2,2,1,3,1,8,1,1,2,7,6
2,46,40,7,2,1,7,8,8,7,2,13,7,7,6,7,7,7,7,5,21,7,2,5,2,2,2,1,8,6,2,2,7,14
1,40,20,7,24,1,7,7,7,7,2,9,7,7,7,7,7,7,7,18,8,60,1,10,6,1,2,1,8,3,2,2,3,4
1,35,31,8,25,1,7,8,7,8,3,7,6,4,3,4,4,5,5,2,28,7,1,3,1,2,2,1,25,2,2,6,3,9
2,34,22,7,11,2,10,9,10,10,1,9,7,8,8,7,8,8,9,18,8,3,2,3,4,1,2,1,8,6,4,1,3,3
1,37,13,7,24,2,8,8,9,8,2,7,9,7,9,8,9,8,10,18,28,90,2,5,1,2,1,1,24,1,2,1,2,5
1,36,13,7,2,2,8,8,7,8,2,15,8,8,5,8,7,8,7,18,25,20,3,10,1,2,2,1,25,6,2,1,6,5
2,24,13,7,25,1,8,8,7,7,2,10,8,6,3,8,7,7,6,4,8,10,1,1,2,1,2,1,8,10,3,8,8,2
1,49,43,7,8,2,7,8,9,8,3,13,7,7,7,7,6,6,8,18,2,30,1,5,1,1,2,1,8,6,4,6,4,10
2,38,27,7,14,2,4,5,7,7,3,7,7,7,7,8,7,8,6,18,8,60,3,5,4,1,2,3,,,4,2,7,5
2,33,28,7,8,1,5,5,5,5,3,9,5,5,5,5,5,5,5,18,28,30,4,1,1,1,2,1,8,2,3,2,2,4
1,56,1,7,24,2,8,8,8,8,2,7,7,7,6,8,7,7,7,18,28,3,3,2,2,1,1,5,,,4,1,6,11
1,38,11,8,8,1,5,6,6,6,3,9,5,5,5,6,5,5,5,3,28,30,1,5,1,1,1,1,28,,3,2,4,7
1,43,27,7,25,2,7,7,7,6,2,9,8,8,6,7,7,8,9,18,2,60,3,20,2,5,2,1,25,3,4,2,3,5
2,29,47,7,25,2,5,5,5,5,3,7,5,5,5,5,5,5,5,18,28,90,3,4,1,1,2,11,,,1,2,7,6
1,58,14,7,8,2,9,9,9,9,2,7,9,9,9,9,8,9,8,3,12,5,1,3,2,1,1,1,2,2,1,2,3,6
2,33,13,7,8,2,7,7,8,7,2,9,8,8,5,8,8,8,10,6,25,150,1,10,3,2,2,1,8,3,2,6,3,8
2,25,13,7,8,1,5,5,5,5,3,4,6,5,5,5,5,5,5,18,28,15,7,3,4,1,3,1,8,3,3,1,3,4
1,50,11,7,25,2,8,8,9,8,2,3,7,8,7,8,7,8,8,18,8,60,3,3,1,1,2,1,28,,4,6,3,7
2,29,38,7,8,1,6,5,5,5,2,16,7,7,5,7,4,7,7,5,28,30,4,3,1,1,3,1,27,3,4,2,7,4
1,42,20,7,8,2,8,8,8,8,2,9,6,6,6,6,6,6,6,18,2,30,1,3,1,1,2,1,8,2,4,1,3,6
1,52,8,7,25,1,5,5,7,5,3,9,7,6,5,5,5,5,5,18,2,30,1,3,1,1,3,9,,,1,4,4,9
1,39,11,7,25,1,6,6,6,6,2,3,8,7,8,8,7,8,7,18,27,30,1,1,1,1,3,1,24,6,4,6,4,8
1,37,13,7,24,1,9,9,9,8,1,1,9,9,9,9,9,9,9,18,8,120,4,10,3,1,2,1,8,6,2,6,3,9
2,38,14,7,8,1,7,7,8,8,2,9,8,8,6,7,7,7,7,18,25,90,3,5,2,2,3,1,8,3,2,6,3,11
1,61,14,7,27,2,8,8,7,7,3,19,6,6,6,6,6,6,6,18,28,2,4,2,1,2,2,10,,,2,1,2,5
1,46,8,7,8,2,5,6,8,8,3,11,6,6,4,8,9,8,7,6,24,45,1,3,1,1,2,1,24,6,3,1,3,4
1,44,40,7,8,2,7,7,6,7,3,18,6,6,6,6,6,7,6,6,12,30,1,1,1,1,2,1,8,6,3,6,3,14
2,21,13,7,8,1,6,8,8,8,3,2,6,6,6,6,6,6,6,6,25,30,4,2,1,1,3,1,8,6,3,8,8,3
2,51,28,8,8,1,10,10,10,10,1,9,10,10,10,10,10,10,10,1,25,30,2,3,1,1,1,1,8,1,1,6,8,11
1,49,37,7,27,2,7,6,6,6,2,7,8,6,6,7,6,6,8,17,27,80,1,2,1,2,2,1,8,10,2,1,3,7
1,49,37,7,8,1,6,6,6,6,3,11,6,6,6,6,6,6,6,18,2,20,3,10,2,3,2,1,8,10,2,1,3,10
2,41,27,8,8,1,5,5,5,5,3,2,5,5,5,5,5,5,5,18,28,60,3,3,2,2,3,1,28,,2,6,7,14
2,38,40,7,8,2,1,1,1,3,4,2,3,2,1,1,1,2,1,18,12,20,1,3,2,1,2,1,8,1,1,1,2,14
1,47,6,7,8,1,8,8,8,8,2,9,8,8,8,8,8,8,8,18,24,5,1,10,3,1,2,1,24,6,4,1,3,5
2,31,47,7,7,2,8,10,10,8,2,8,5,5,5,7,5,5,5,5,27,60,1,5,2,1,2,1,27,6,1,1,4,3
2,34,13,7,8,2,6,3,6,6,2,9,6,6,6,6,6,6,5,18,2,30,1,3,6,2,2,1,8,1,2,6,3,11
2,33,1,7,27,1,8,9,8,8,1,8,7,8,6,8,6,7,8,4,2,20,1,3,1,1,2,5,,,3,2,8,5
2,51,12,7,25,2,6,9,9,9,1,3,8,8,6,6,9,9,8,18,2,60,1,2,1,1,2,1,25,3,3,1,9,14
1,51,13,7,2,1,3,5,4,3,3,7,7,7,7,8,8,8,9,18,8,40,1,10,3,1,2,1,8,4,4,1,4,2
1,44,38,7,27,1,6,6,6,6,3,9,6,6,6,5,6,6,5,16,2,14,3,3,2,1,2,2,,,3,1,3,7
2,50,9,7,25,1,7,7,8,7,2,9,7,7,7,8,7,7,7,4,8,30,3,6,3,1,2,1,28,,4,2,7,14
2,27,27,7,8,2,3,4,4,4,4,19,5,5,5,5,5,6,5,18,28,20,4,2,1,1,3,1,8,2,1,4,3,4
1,30,14,7,8,1,7,6,7,7,2,11,7,7,7,7,7,7,7,2,25,15,1,7,3,1,2,1,2,6,1,1,3,5
1,42,9,7,2,1,8,8,8,8,1,16,9,10,9,9,8,9,9,14,8,10,1,2,3,1,2,1,8,2,1,1,4,8
2,39,1,7,21,1,9,7,8,8,3,14,7,8,6,9,10,7,8,5,8,10,3,5,1,1,1,1,8,2,1,8,3,11
2,32,13,7,8,2,7,7,7,7,2,10,7,7,7,7,7,7,7,14,28,180,3,5,3,1,2,5,,,3,4,6,11
2,53,20,8,8,1,5,5,5,5,3,7,7,5,3,5,5,3,6,4,1,20,1,3,1,1,2,9,,,3,6,7,6
2,41,42,8,2,1,4,6,2,3,3,4,10,7,4,1,1,3,2,2,28,180,1,3,1,1,2,3,,,3,2,7,3
2,25,11,7,27,1,9,9,6,4,4,4,10,5,6,6,6,6,6,3,28,7,5,2,1,2,2,3,,,1,1,6,8
2,53,8,7,8,1,7,7,7,7,3,2,7,7,7,6,7,7,7,4,28,7,1,1,1,3,1,1,8,1,2,6,8,11
2,53,25,7,25,2,7,7,8,8,2,9,7,7,7,7,8,8,7,10,8,40,1,8,1,4,2,1,8,2,3,6,6,2
1,42,13,7,26,1,8,8,6,7,2,5,7,7,8,7,8,8,8,5,8,10,3,2,1,1,3,1,8,6,3,6,3,11
1,25,11,7,25,1,6,5,7,3,2,1,7,3,5,8,7,7,5,3,28,30,3,3,1,1,2,1,28,,4,4,3,5
1,32,14,7,8,1,8,9,9,6,2,9,7,8,5,7,6,8,7,15,2,90,2,5,2,2,3,1,8,3,3,2,4,8
2,30,9,7,24,1,6,10,10,10,2,3,6,10,5,8,8,10,10,18,2,30,1,2,1,1,2,1,2,6,1,6,5,6
1,42,13,7,8,1,7,7,8,8,2,3,7,6,7,8,6,7,8,4,2,30,1,2,3,2,2,1,2,2,2,1,5,14
2,25,13,7,25,1,7,7,7,7,2,16,6,5,5,5,5,5,5,18,28,10,1,1,2,1,1,1,25,1,1,1,3,4
1,45,13,7,8,2,7,7,7,7,3,9,7,8,6,8,7,8,8,18,28,14,1,3,1,1,2,1,28,,1,6,3,6
2,37,14,7,1,1,6,7,8,9,1,1,9,8,7,9,8,7,6,1,2,1,5,2,3,1,1,2,,,1,5,9,4
2,50,13,7,8,2,5,6,6,5,2,2,6,6,6,6,6,6,6,6,2,60,3,2,2,1,2,1,8,4,1,6,8,14
2,32,12,7,2,2,7,7,8,7,2,9,8,8,6,7,6,8,7,18,8,60,2,10,2,1,1,1,8,6,3,2,2,6
1,58,34,7,8,2,7,7,7,7,2,7,8,7,6,7,7,8,7,18,28,30,1,3,1,1,2,1,8,3,1,1,3,4
1,50,11,7,8,2,5,5,5,5,3,11,5,5,5,5,5,5,5,18,12,90,3,3,1,1,3,1,8,3,3,2,3,5
2,48,13,7,8,1,7,7,7,7,2,13,7,7,8,7,7,7,7,14,12,30,2,3,2,1,2,2,,,3,2,7,14
2,48,12,7,25,2,9,8,8,9,2,11,9,9,8,9,9,9,9,18,8,60,2,3,1,1,1,5,,,1,2,7,4
2,29,33,7,8,1,7,8,9,9,2,11,7,8,8,8,8,8,7,6,12,14,1,5,1,1,1,1,8,6,4,6,7,5
2,46,4,7,9,1,8,8,5,8,3,9,9,8,8,8,8,8,8,18,8,21,1,3,1,1,2,1,8,6,1,2,7,7
2,41,40,8,21,1,7,7,5,6,2,10,6,6,6,5,6,6,7,5,28,90,1,2,2,2,3,2,,,3,6,7,14
1,55,14,7,2,2,8,8,6,7,2,3,8,8,7,8,9,9,9,5,8,60,3,5,1,1,2,1,28,,1,1,9,2
2,32,14,7,14,1,7,7,7,7,2,5,7,6,9,8,7,7,6,18,8,40,1,5,1,1,3,1,8,6,3,6,3,7
2,28,28,7,1,1,5,7,8,7,2,9,7,7,8,9,6,7,7,15,28,30,1,4,1,1,2,5,,,4,1,3,5
1,41,12,7,25,2,8,9,9,8,2,15,8,8,6,6,8,9,7,6,8,90,1,5,3,1,1,2,,,3,1,3,5
2,38,13,7,8,1,8,8,8,8,2,10,8,8,5,7,8,8,10,6,2,20,1,3,1,2,2,1,8,2,2,6,7,6
2,38,12,7,8,2,6,6,5,5,3,4,8,7,6,6,6,6,5,18,28,15,1,2,1,1,2,1,2,6,1,1,3,4
2,36,11,8,25,2,6,6,5,5,3,14,5,5,5,5,5,5,5,18,28,15,1,2,1,1,2,1,28,,4,6,8,1
2,32,26,7,25,2,3,5,6,4,3,9,6,5,4,6,5,6,6,18,28,120,2,5,1,1,2,3,,,1,2,8,14
1,46,10,8,8,1,5,6,5,5,3,11,5,5,5,5,5,5,5,6,2,10,2,2,1,2,2,1,8,3,2,1,3,14
2,63,13,7,27,1,3,6,6,6,5,13,6,6,7,6,6,6,6,5,8,30,2,1,1,1,2,1,8,10,4,2,7,5
2,26,27,7,25,2,5,7,6,6,3,10,5,6,6,7,6,6,6,2,8,14,2,2,2,1,2,1,8,6,1,3,9,1
2,22,13,7,27,1,8,7,7,7,2,8,6,7,6,6,7,7,6,16,28,20,3,5,3,1,2,1,28,,1,1,3,1
2,27,40,7,27,1,5,5,5,5,3,11,5,5,5,5,5,5,6,18,28,7,1,3,1,1,2,10,,,3,1,3,3
2,46,43,7,9,1,9,9,9,9,2,2,9,9,9,9,9,9,9,18,8,15,1,3,1,1,1,1,8,6,1,1,9,4
2,40,27,7,25,1,5,4,8,7,2,10,7,7,7,7,5,5,5,18,8,180,3,5,4,1,2,1,8,6,4,1,3,6
2,39,11,7,12,1,7,6,8,8,2,8,7,7,8,9,8,7,9,12,8,14,1,3,1,2,2,1,12,3,2,6,3,10
2,34,13,7,25,1,5,6,6,5,3,9,7,6,6,6,6,7,6,6,8,5,7,3,2,1,1,1,25,1,1,2,2,7
1,33,12,7,2,1,8,8,8,8,2,19,8,8,6,7,9,9,9,18,28,30,1,2,1,4,1,11,,,2,6,3,4
2,61,13,7,27,1,7,5,4,7,3,8,5,5,4,5,5,5,6,18,8,30,2,2,2,1,2,1,8,10,3,1,7,2
2,29,15,7,8,2,8,6,7,8,2,7,7,7,6,5,6,7,6,5,24,120,2,10,1,1,1,1,8,1,1,4,2,5
1,49,11,7,27,1,5,5,5,5,3,2,5,5,5,5,5,5,5,18,28,30,3,2,1,1,3,11,,,4,1,3,5
2,50,1,7,24,2,5,4,6,6,3,9,5,5,1,7,6,6,4,18,8,20,3,2,2,1,2,1,8,2,3,6,6,14
2,25,27,7,25,2,8,6,6,6,2,19,8,8,6,7,7,7,7,6,8,90,4,3,2,1,2,1,8,6,1,2,7,14
1,42,1,7,27,2,10,10,10,10,1,11,10,10,10,10,10,10,10,18,28,7,3,1,1,3,2,1,28,,2,1,8,1
2,33,13,7,8,1,4,6,7,7,2,19,7,6,7,7,8,6,8,18,28,20,6,5,2,3,3,9,,,2,1,2,3
2,29,43,7,12,1,7,7,7,7,3,7,5,5,5,5,5,5,5,5,28,30,2,3,3,1,2,1,28,,1,2,2,7
1,56,26,7,27,1,7,6,5,6,2,13,7,7,6,7,6,7,6,5,28,30,4,5,1,1,2,5,,,3,1,3,7
2,34,13,7,25,2,5,5,6,5,2,13,7,7,4,8,8,9,7,5,8,25,1,6,3,1,2,1,8,6,4,1,8,2
1,44,16,7,12,1,7,7,7,7,3,16,6,7,7,7,7,7,7,18,2,30,2,3,1,1,2,11,,,3,1,4,8
2,32,22,7,25,1,7,8,8,8,2,12,8,8,6,10,10,8,8,6,8,60,3,20,2,2,3,1,8,6,1,6,8,6
2,23,41,7,9,2,10,10,10,10,2,6,5,5,5,5,5,5,5,18,28,60,1,10,2,1,3,1,28,,1,2,8,4
1,64,11,7,27,2,8,8,9,8,2,2,9,9,9,8,8,8,9,18,28,30,3,3,1,2,2,11,,,2,1,8,3
2,32,40,7,25,1,7,7,7,7,2,9,8,8,5,7,7,8,8,6,8,50,2,8,1,1,2,1,25,1,1,6,7,6
2,45,33,7,27,2,10,10,10,10,1,15,10,10,10,10,10,10,10,6,28,7,1,2,1,1,2,8,,,1,4,8,1
2,24,14,7,25,1,7,7,7,7,3,3,7,7,7,7,7,7,7,18,8,60,2,5,1,2,2,1,25,1,1,1,3,3
1,42,40,7,12,2,8,10,9,6,2,15,10,7,9,8,10,7,6,6,2,20,1,5,1,2,1,1,8,9,2,1,2,4
2,51,14,7,2,1,8,8,8,8,2,9,7,7,7,7,7,7,7,5,25,60,1,4,1,1,2,1,25,1,4,2,7,7
2,48,28,7,12,2,2,2,5,5,3,10,5,5,5,5,5,5,5,18,8,30,2,2,2,1,2,1,12,6,3,5,7,3
1,34,14,7,12,2,6,5,8,8,2,11,9,8,5,9,7,8,10,6,2,90,4,10,1,6,2,1,8,2,3,6,3,8
1,44,13,7,25,1,7,7,7,7,3,2,7,7,7,7,7,7,7,18,28,15,1,5,1,1,2,1,28,,4,1,3,3
1,44,26,7,24,2,5,7,7,5,3,2,5,7,7,6,7,6,6,5,8,180,1,10,1,1,2,1,8,2,1,1,3,10
2,31,14,7,8,2,6,4,4,5,4,5,7,5,6,6,6,5,6,4,24,180,4,10,5,1,2,5,,,1,1,3,7
1,44,13,7,21,1,5,5,5,5,3,11,5,5,4,4,3,4,4,6,28,2,5,0,1,1,2,1,8,10,3,1,9,3
2,30,40,7,2,2,3,4,5,5,3,2,8,6,5,4,5,4,4,18,25,7,3,3,3,1,2,1,8,2,1,6,7,14
1,48,14,8,25,2,6,7,8,8,2,7,7,7,7,8,7,8,7,4,8,14,1,4,2,2,1,1,8,6,3,1,3,10
2,41,13,7,2,2,8,8,8,8,1,10,8,8,5,8,7,8,8,2,8,45,2,5,3,2,2,1,2,6,2,1,3,9
2,44,4,8,27,2,7,6,4,6,3,14,6,7,5,4,7,4,7,16,24,50,2,3,2,1,2,10,,,4,6,7,5
1,40,23,7,25,2,8,7,8,7,2,13,7,7,7,8,7,7,7,2,8,10,1,5,3,1,2,1,8,2,4,1,2,4
1,23,13,7,21,1,9,9,9,9,1,11,9,9,9,9,9,9,9,5,8,3,2,5,5,1,2,1,8,6,1,1,1,14
1,34,13,7,9,2,6,8,7,8,3,7,7,7,7,7,6,6,6,4,14,30,2,5,1,1,2,1,2,6,1,2,6,6
2,36,15,7,25,2,8,8,8,8,2,10,7,7,7,8,7,8,8,18,8,60,3,5,1,1,2,1,8,10,1,2,8,5
1,39,9,7,2,1,9,9,9,9,2,2,9,8,8,9,9,8,8,4,1,1,3,3,4,3,2,5,,,2,1,3,4
1,70,12,7,27,2,9,8,9,9,2,11,8,8,7,9,9,8,8,5,6,20,3,5,1,1,2,11,,,1,2,10,8
1,43,12,8,25,1,5,5,5,6,3,7,7,6,6,6,5,5,6,18,28,10,1,3,1,1,1,1,28,,1,6,5,5
2,36,28,7,25,2,6,7,7,7,3,2,6,7,7,7,7,7,7,4,28,2,3,1,2,1,1,1,8,6,3,5,3,4
2,25,12,7,8,1,7,5,6,7,2,2,7,6,6,6,6,6,6,18,28,100,2,3,2,1,2,1,28,,1,4,3,5
1,50,42,7,12,1,6,6,6,6,3,3,6,6,6,6,5,6,8,5,11,30,2,5,3,1,2,1,12,4,4,1,4,7
1,42,14,7,2,2,7,6,8,8,2,10,8,7,8,8,7,6,5,12,25,15,1,3,1,1,1,1,2,2,4,2,3,6
1,49,27,7,2,1,6,6,7,7,2,2,7,7,7,7,7,7,7,5,8,14,2,5,4,1,2,1,8,10,3,2,3,8
2,35,14,7,25,2,7,8,9,9,2,7,9,9,2,9,2,9,9,18,8,30,3,10,1,1,1,1,25,2,2,2,8,9
2,56,13,7,9,1,9,9,9,9,1,11,8,8,7,8,8,9,8,4,12,10,2,4,2,1,2,5,,,1,1,8,3
1,45,27,7,25,1,6,7,9,6,2,8,6,6,4,7,6,5,6,6,8,20,2,1,1,1,2,1,12,3,3,2,4,14
2,52,11,7,25,1,7,8,7,7,2,11,7,7,6,6,6,9,7,18,2,90,1,15,1,1,2,7,,,4,8,2,14
2,36,28,7,27,2,5,5,5,5,3,3,6,5,5,6,5,6,5,18,28,30,4,3,1,1,2,1,8,3,1,5,9,14
1,45,12,7,2,1,7,6,7,7,3,11,6,6,6,7,7,7,7,18,8,120,1,2,1,1,2,1,2,1,3,1,3,6
2,38,14,7,24,1,7,7,7,7,2,6,7,7,7,7,7,7,7,4,28,20,1,2,3,1,2,11,,,4,1,2,3
2,38,29,7,8,2,8,8,8,8,2,7,8,8,8,8,8,8,6,4,1,60,1,3,2,1,2,3,,,1,6,8,14
2,37,14,7,25,2,7,7,7,8,2,10,7,8,7,9,4,6,8,5,28,30,2,3,1,1,2,1,28,,4,2,2,6
1,50,13,7,12,2,6,6,7,7,3,8,7,7,6,7,6,6,7,4,2,90,3,2,1,1,2,1,28,,1,2,3,7
2,31,4,7,27,1,8,8,8,8,2,11,8,7,7,7,7,7,8,18,28,10,1,2,2,1,2,9,,,1,2,4,7
1,42,1,7,12,1,9,9,9,9,2,8,9,9,9,9,9,9,9,4,8,3,1,2,1,1,2,2,,,3,2,3,6
2,56,23,7,27,2,10,10,10,9,1,8,9,9,9,9,9,9,9,18,28,14,3,2,1,1,2,1,28,,3,4,9,14
2,35,13,7,2,1,7,8,8,8,2,13,7,7,8,8,7,7,7,18,25,30,1,3,4,1,1,1,25,1,3,2,7,6
1,33,11,7,24,2,5,5,8,8,2,10,7,7,3,7,4,8,7,4,8,30,3,20,6,1,2,1,24,2,3,2,3,10
1,41,11,7,12,1,5,5,5,5,3,19,5,5,5,5,5,5,5,18,8,10,2,2,1,2,3,1,8,1,2,1,3,4
1,44,13,7,1,1,7,7,7,7,3,15,5,6,6,7,6,7,7,4,8,60,1,5,3,1,2,1,8,2,4,1,3,14
2,31,11,7,2,1,5,5,5,5,2,10,6,5,5,6,5,5,5,5,28,30,2,2,1,1,2,1,28,,3,2,7,5
1,30,23,7,25,1,8,9,9,6,2,2,8,8,5,7,6,8,7,18,8,2,3,3,1,2,2,1,8,6,2,2,3,6
1,57,22,7,2,1,8,8,8,8,2,9,8,7,7,9,7,8,8,18,28,7,1,3,1,2,3,1,28,,2,1,3,8
1,42,14,7,8,1,8,8,8,8,2,11,8,8,8,8,8,8,8,3,28,60,1,5,4,2,2,1,28,,2,2,4,11
1,39,14,7,12,1,7,8,8,8,2,11,7,8,7,6,7,8,7,6,8,20,3,8,1,2,3,5,,,2,1,3,5
2,37,13,7,12,1,7,7,7,7,2,7,6,6,6,6,5,4,7,4,8,20,2,10,5,1,3,1,8,1,1,6,5,8
2,48,13,7,2,2,10,10,10,10,1,11,5,5,5,5,5,5,5,18,28,60,1,1,1,1,2,2,,,4,1,8,2
1,55,19,7,24,1,5,5,4,4,3,7,6,6,6,5,5,5,4,18,8,100,1,20,7,1,3,1,24,6,1,6,2,3
2,46,40,7,25,2,6,9,9,5,2,18,10,9,9,10,9,10,10,18,28,60,3,2,1,1,2,1,25,6,1,6,9,2
1,52,20,7,8,1,7,6,7,7,3,10,6,6,6,6,6,6,6,18,28,30,3,5,1,1,3,1,8,3,4,2,3,4
1,39,40,7,12,1,7,6,8,8,2,7,8,7,7,7,7,7,8,18,8,30,3,3,1,1,2,1,12,6,3,6,4,7
2,35,40,7,25,1,7,6,7,7,2,11,9,7,6,8,8,8,8,15,8,30,3,5,1,1,3,1,8,3,3,6,3,6
2,36,1,8,27,1,5,8,8,8,2,9,8,8,5,7,7,7,7,18,28,20,1,5,2,1,2,1,27,3,4,2,7,14
2,28,20,7,24,1,8,7,6,5,3,18,6,6,6,7,7,8,6,18,28,10,1,1,1,1,2,1,8,10,1,1,9,1
2,36,27,7,12,2,5,7,8,8,3,13,8,8,4,8,8,9,9,18,8,30,1,10,1,1,2,1,24,6,3,1,2,3
2,36,14,7,8,2,5,6,8,7,2,7,7,7,6,7,7,7,7,6,25,30,2,3,2,2,2,1,8,1,2,4,3,9
2,30,7,7,2,1,7,7,7,7,3,11,6,5,6,6,6,5,5,18,28,60,1,2,3,1,2,1,2,1,3,6,7,13
2,23,42,7,8,1,5,7,8,7,2,3,7,8,6,7,6,8,6,6,28,10,1,5,1,1,2,1,8,3,4,6,9,14
1,44,13,7,12,2,5,6,6,5,2,9,6,5,5,6,6,5,5,4,8,30,2,5,2,1,2,5,,,1,1,3,4
2,33,12,7,2,2,5,6,7,7,3,7,6,6,7,6,7,6,6,18,25,30,1,5,3,1,3,1,25,1,2,6,7,14
2,52,11,7,2,2,4,4,3,3,4,18,1,1,1,1,1,1,1,18,25,30,1,2,1,1,2,7,,,1,1,2,14
1,57,3,8,2,2,8,8,8,8,2,7,8,7,7,7,8,7,8,9,8,21,1,4,1,1,2,4,,,4,2,4,14
1,34,23,7,27,1,8,7,6,7,2,19,7,7,6,6,6,6,8,2,28,30,3,3,1,1,2,1,28,,3,2,4,5
2,36,13,7,24,2,5,6,6,6,3,9,5,6,5,6,5,6,6,18,8,10,4,3,4,2,1,1,24,2,2,2,2,2
2,89,1,7,24,1,6,6,6,6,3,19,6,6,6,6,6,6,6,18,28,900,7,0,1,1,2,1,27,6,3,6,9,2
2,42,13,7,2,2,5,5,5,5,3,18,5,5,4,5,5,5,5,18,8,90,4,3,1,1,2,11,,,3,1,2,4
1,41,12,7,2,2,3,4,5,3,3,7,5,5,5,5,5,5,5,14,8,60,1,50,1,1,3,1,8,6,1,1,1,1
1,58,27,7,24,2,4,6,4,4,2,8,5,5,5,6,5,5,4,5,28,10,3,3,1,1,2,5,,,1,1,3,8
1,33,26,7,25,1,6,7,7,7,2,11,6,6,6,5,5,6,6,18,8,60,1,5,4,1,2,1,8,4,4,2,4,7
1,31,28,7,25,1,8,6,7,8,2,2,8,9,8,7,6,7,6,6,28,14,2,1,2,1,2,5,,,4,5,3,3
2,26,27,7,12,2,6,3,5,5,2,16,7,7,7,7,6,5,5,11,8,14,1,3,4,1,2,1,8,6,2,2,6,4
1,49,43,7,24,2,7,7,8,7,3,19,7,8,7,8,7,7,7,18,28,30,1,10,3,1,2,1,24,1,1,2,4,5
1,43,11,7,21,1,5,6,5,5,3,1,6,7,6,6,6,6,7,1,24,5,1,3,3,1,2,1,24,9,2,1,3,3
1,57,12,7,12,2,7,6,6,7,3,7,6,6,6,6,6,6,6,16,8,30,3,5,1,1,2,10,,,3,1,2,10
1,44,23,7,14,2,5,5,5,5,4,5,2,2,1,3,3,3,2,5,28,14,2,2,2,1,2,1,14,2,1,2,3,6
1,44,13,7,9,1,5,5,6,5,2,15,7,6,6,7,6,7,6,5,8,14,1,7,2,1,2,1,8,10,3,1,3,8
2,41,27,7,27,2,8,8,6,6,2,11,7,7,6,7,6,6,8,6,27,210,4,2,1,1,2,11,,,2,1,8,14
1,36,13,7,21,2,7,7,7,7,3,19,6,6,6,6,6,6,6,18,8,7,3,1,1,1,1,1,28,,3,1,3,8
2,33,4,7,12,2,6,6,6,6,3,18,8,6,6,6,6,6,6,5,24,30,1,10,5,1,3,1,14,6,4,6,3,14
1,61,23,7,24,1,7,7,7,7,2,11,6,7,6,6,6,7,6,18,8,30,3,3,1,1,2,1,8,6,3,1,8,4
1,60,13,7,9,1,5,5,6,6,2,5,6,7,7,6,6,6,5,18,26,10,1,3,1,2,2,1,8,6,2,1,3,4
1,36,13,7,25,2,6,6,8,9,1,15,9,8,7,8,9,8,8,18,8,90,3,6,7,1,2,1,25,2,3,1,3,5
1,49,42,7,12,2,7,7,7,7,3,3,8,8,7,7,8,7,7,6,8,3,2,0,1,1,2,1,28,,1,1,3,2
2,47,5,7,1,2,10,10,10,10,2,1,8,8,8,9,7,10,8,18,14,30,1,5,2,1,2,5,,,4,6,3,14
2,35,8,7,25,2,4,4,4,4,3,3,4,4,4,4,4,4,4,18,28,20,1,3,1,1,2,1,28,,1,2,8,6
1,35,13,7,2,2,5,7,6,6,3,9,7,5,6,5,5,4,5,3,8,90,2,10,6,3,2,5,,,3,1,3,6
2,41,9,7,12,2,8,8,8,7,2,13,6,8,8,8,7,6,10,6,8,60,3,3,1,1,2,1,8,6,4,2,3,11
1,46,27,7,11,1,1,1,1,1,5,3,1,1,1,1,1,1,1,5,9,10,1,3,2,1,3,1,8,7,3,1,3,14
2,51,1,7,27,1,8,8,7,7,2,9,8,8,7,7,7,6,7,16,28,5,2,10,1,2,2,6,,,2,2,7,4
1,43,22,7,25,1,8,7,8,6,2,16,6,7,2,8,4,9,8,18,8,10,1,5,1,2,2,1,25,2,2,1,3,3
1,49,27,7,2,2,3,3,3,3,3,13,5,4,5,5,5,4,4,18,8,50,3,5,1,1,2,1,28,,4,6,3,5
1,43,11,7,25,2,10,10,10,10,1,7,10,10,10,10,10,10,10,18,8,20,1,2,2,1,1,7,,,1,2,3,5
1,28,11,7,24,1,7,7,8,8,2,7,7,6,5,5,4,6,6,14,8,60,5,6,3,1,2,1,28,,1,1,3,4
1,56,12,8,2,1,7,6,7,6,3,11,7,7,6,7,7,6,6,18,28,90,4,1,1,1,1,5,,,1,2,3,7
2,29,22,7,8,1,9,8,10,9,2,10,10,10,5,10,10,8,10,6,25,15,1,5,2,1,2,1,8,2,4,2,7,5
1,41,47,7,7,2,8,8,8,8,2,11,7,7,7,7,7,7,7,18,25,30,1,3,1,1,2,1,28,,4,2,3,7
2,49,23,7,27,2,9,9,9,9,2,10,8,8,1,8,8,8,1,18,8,50,1,3,1,3,2,1,8,6,3,1,3,14
2,35,13,7,25,2,7,7,5,7,2,8,7,7,7,7,6,6,7,6,8,360,3,3,1,2,2,1,25,2,2,6,3,14
1,27,13,7,25,2,4,4,6,7,2,9,6,6,6,5,5,5,5,5,8,1,1,5,6,1,2,1,8,6,1,1,3,4
2,31,23,7,27,1,7,7,6,6,3,10,6,6,6,7,6,7,7,14,28,14,4,3,2,1,2,10,,,3,6,7,4
1,53,11,7,25,1,7,7,6,7,2,9,6,6,6,6,6,5,6,18,8,30,3,1,1,1,2,1,25,3,3,4,3,6
2,31,13,7,2,2,6,6,6,6,2,11,6,5,3,6,3,7,6,18,8,30,3,20,1,1,2,1,8,6,3,2,3,11
2,48,22,7,27,1,5,7,7,4,4,13,8,8,7,8,5,6,8,18,8,20,3,2,1,1,2,1,8,6,1,6,8,4
2,43,4,7,2,2,7,8,8,8,2,9,8,8,6,7,7,8,9,2,28,50,4,1,2,1,1,1,2,2,3,1,2,3
2,54,1,7,2,1,6,6,6,6,3,7,6,6,6,6,6,6,6,14,28,10,3,2,2,1,2,2,,,1,1,4,7
2,40,46,7,2,1,8,8,7,7,3,3,5,6,6,6,5,6,6,5,12,60,2,3,1,1,1,1,12,4,4,1,3,3
1,66,14,7,2,2,7,7,8,7,2,13,8,8,7,8,8,7,8,6,8,45,2,3,1,3,2,1,2,3,2,2,9,6
1,44,23,8,2,1,1,1,1,1,4,8,2,2,2,2,2,2,2,18,12,60,3,4,1,1,3,2,,,4,6,3,5
1,40,13,7,9,2,5,5,5,5,3,11,5,5,5,5,5,5,5,4,8,90,3,10,1,1,3,1,8,6,4,1,3,5
1,34,25,7,24,2,8,8,8,8,2,9,8,8,8,8,8,8,8,1,8,20,5,3,4,5,2,1,8,2,4,6,3,6
1,34,23,7,21,1,5,6,7,8,3,8,5,6,7,6,7,6,7,5,28,60,4,3,2,2,1,6,,,2,1,5,1
1,47,1,7,21,1,6,6,6,6,2,2,6,6,6,6,6,6,6,14,2,30,1,6,1,1,2,2,,,3,2,3,6
1,67,29,7,25,1,9,9,9,8,2,16,9,8,6,9,7,8,7,17,8,70,2,10,2,3,2,1,25,6,2,1,9,2
2,36,13,7,9,1,5,5,5,5,3,2,6,6,5,6,4,5,6,18,8,60,2,1,1,1,3,1,8,6,1,1,3,14
2,47,26,7,2,1,6,6,7,7,2,9,6,7,6,6,7,7,7,17,28,60,4,6,2,3,2,11,,,2,1,2,2
2,32,13,7,8,2,5,5,5,5,2,2,5,5,5,5,5,5,5,6,25,2,1,3,2,1,2,1,28,,1,2,2,8
2,52,11,7,1,1,8,8,5,5,2,9,8,8,8,7,7,8,9,4,12,150,1,10,1,2,2,5,,,2,8,3,7
2,34,14,7,2,1,7,6,7,7,2,9,7,7,5,6,8,8,7,18,25,180,5,5,2,1,2,1,2,2,1,1,2,3
2,27,28,7,25,1,7,7,7,8,2,10,7,8,6,7,7,7,8,4,8,30,1,10,1,1,2,5,,,4,1,8,2
2,41,13,7,25,1,8,8,8,8,2,13,8,8,8,7,8,8,8,6,8,30,3,7,4,1,2,1,25,1,3,5,2,4
1,69,38,7,20,2,8,8,8,8,2,9,8,7,6,8,8,7,7,18,8,30,2,4,1,1,2,1,20,3,1,2,9,5
2,53,27,7,8,2,10,10,10,10,2,11,7,7,7,7,7,7,8,18,24,1,1,2,1,1,3,1,24,3,1,1,2,3
1,44,22,7,25,2,6,6,6,6,2,2,6,6,6,6,6,6,6,5,28,30,1,2,2,2,2,1,25,2,1,2,3,10
2,22,23,7,21,1,10,10,10,10,1,2,10,10,10,10,10,10,10,2,8,10,1,3,1,1,2,5,,,2,6,3,14
2,29,14,7,11,2,8,9,8,7,2,7,8,7,8,8,9,8,8,18,28,30,3,1,1,1,2,1,8,6,1,2,3,8
2,22,13,7,25,2,6,6,7,7,2,8,6,8,5,6,7,8,7,18,8,20,2,10,3,1,1,1,8,1,3,1,3,12
1,44,11,7,18,1,8,9,9,9,1,8,10,8,5,9,7,8,8,14,8,60,3,5,2,1,2,1,18,3,1,2,3,7
1,30,8,7,27,1,6,8,7,6,3,10,6,6,6,6,6,6,6,2,28,30,5,2,1,1,3,1,8,2,1,1,3,3
1,44,13,7,2,2,7,7,7,7,2,3,7,7,7,7,7,7,5,18,8,90,1,2,1,2,2,1,2,3,2,2,3,5
2,53,43,7,24,1,5,5,5,5,2,7,5,6,4,6,6,6,6,18,2,120,1,3,1,1,2,1,28,,2,1,8,14
1,44,23,7,2,2,3,3,5,5,3,19,4,3,5,3,6,4,4,18,28,1,2,10,7,1,2,1,28,,1,1,3,6
2,27,14,7,25,1,8,9,6,7,2,9,8,8,8,8,8,8,8,3,8,120,3,3,3,1,2,1,8,1,1,2,8,4
2,35,47,7,12,1,6,6,6,6,3,9,8,8,7,7,8,7,8,6,7,15,1,3,7,1,2,1,7,2,3,6,7,7
1,31,27,7,25,2,8,8,8,8,2,16,7,7,7,7,7,7,7,18,28,30,2,3,2,1,2,1,25,2,4,2,4,9
1,42,13,7,2,1,9,10,10,10,2,9,7,7,6,10,10,8,9,5,8,20,1,10,6,1,2,1,2,4,3,1,3,8
2,47,13,7,25,1,5,5,6,6,2,11,7,7,6,6,7,7,7,17,8,30,1,2,1,2,2,1,25,1,2,1,8,2
2,41,13,7,12,1,6,6,6,6,2,2,6,6,7,7,6,7,7,5,8,20,2,20,7,4,2,5,,,2,6,7,10
1,37,40,7,9,1,5,6,6,7,4,10,5,6,5,6,5,6,3,18,8,60,2,2,1,1,3,5,,,1,1,2,14
1,60,13,7,24,2,9,9,9,9,2,3,8,8,8,8,8,8,8,5,8,10,1,10,7,2,2,1,24,1,4,1,9,2
1,56,26,7,12,2,5,5,5,5,3,18,5,5,5,5,5,5,5,5,13,2,1,2,1,5,2,6,,,2,1,3,14
1,39,1,7,12,1,5,6,5,6,3,8,5,5,5,5,5,5,5,18,28,30,1,2,1,1,2,2,,,3,2,3,7
1,62,20,7,12,2,7,8,7,8,3,11,8,8,8,8,8,8,8,18,8,30,2,10,1,1,2,1,28,,1,2,2,4
2,30,22,7,25,2,10,10,10,9,1,9,9,9,5,10,8,9,9,18,28,30,1,3,1,2,1,1,25,4,2,6,7,7
2,36,27,7,8,1,8,8,8,8,2,9,8,8,8,8,8,8,8,6,25,3,3,5,3,1,2,5,,,2,6,3,9
1,51,27,7,25,1,5,4,5,7,3,15,7,7,6,7,7,7,6,18,8,60,2,3,4,1,2,10,,,4,1,3,5
1,38,28,7,8,2,8,8,8,8,2,1,8,8,8,8,8,8,8,6,28,20,1,3,1,1,2,1,8,2,1,2,3,5
2,38,27,7,12,2,9,9,9,9,2,10,8,8,8,8,7,7,6,9,8,30,2,3,1,1,2,1,8,5,3,3,3,4
2,36,28,7,12,1,6,6,6,6,3,19,7,7,7,7,7,7,7,18,28,15,1,1,1,1,2,1,28,,3,4,3,5
2,33,13,7,12,1,7,6,5,7,3,11,6,6,6,6,6,5,7,18,25,45,3,3,1,1,2,2,,,3,1,3,14
2,49,41,7,25,1,5,7,7,7,2,10,7,7,7,7,7,7,7,5,12,180,1,4,4,1,1,1,8,6,1,1,2,3
1,44,7,8,2,1,5,5,5,5,3,11,7,7,5,5,5,5,5,2,9,90,2,4,3,1,1,1,28,,1,1,5,3
1,27,13,7,25,1,6,6,7,7,2,9,8,7,7,6,7,7,7,18,28,4,1,3,1,2,3,1,25,1,2,1,3,3
1,44,13,7,2,1,3,2,9,7,2,9,6,7,7,6,6,7,5,1,25,180,1,10,2,1,3,5,,,4,1,3,14
2,22,28,7,18,2,7,6,6,6,2,13,7,7,6,7,6,5,6,4,8,30,5,10,3,1,2,1,8,3,3,4,4,3
1,28,23,7,25,1,7,7,6,7,2,15,7,7,7,7,7,7,6,18,8,30,2,5,1,1,2,1,8,6,1,4,3,9
2,54,28,7,27,2,8,6,7,7,3,11,6,5,6,6,6,6,6,18,8,30,3,5,1,1,2,1,8,6,3,1,3,3
2,40,9,7,25,1,4,6,3,5,3,7,5,5,3,3,3,3,4,4,14,20,2,5,2,1,2,3,,,4,6,3,3
1,57,14,7,24,1,5,7,7,6,3,13,5,5,4,5,5,5,6,18,28,7,1,3,1,1,2,1,24,3,3,1,3,3
2,35,4,7,2,2,7,7,8,7,2,10,7,7,7,7,7,7,7,9,8,30,2,5,1,1,2,3,,,3,1,3,10
1,43,11,7,2,2,4,6,7,7,3,2,7,6,7,5,6,5,7,18,28,60,3,5,1,2,1,1,2,3,2,1,3,14
2,30,11,7,25,2,6,6,6,6,2,3,7,7,7,7,7,7,7,18,8,2,4,3,2,1,3,1,8,7,4,6,3,7
2,46,1,7,25,1,10,10,10,10,1,2,9,10,5,10,10,10,10,5,27,60,4,5,1,4,2,1,28,,5,1,2,3
2,36,18,7,25,2,5,7,10,8,2,13,6,6,6,6,6,6,6,18,28,40,3,20,1,1,2,1,25,2,4,4,9,6
2,28,14,7,25,2,6,5,5,5,3,19,6,6,7,6,7,6,6,18,28,7,3,2,2,1,2,1,25,1,1,6,8,2
1,44,46,7,2,1,5,9,9,9,2,2,8,8,8,8,8,8,8,4,8,1,1,5,2,2,3,1,8,6,3,1,3,14
2,40,47,7,7,1,5,4,5,6,2,19,6,6,6,6,6,6,6,18,6,30,4,5,4,1,2,5,,,4,6,8,2
2,31,14,7,25,1,8,8,8,8,2,16,7,7,7,6,6,6,6,18,2,50,1,30,7,2,2,1,25,1,2,1,3,5
2,42,12,7,21,2,4,5,5,4,3,7,5,5,5,4,5,5,5,4,2,30,3,2,1,1,1,6,,,3,8,2,4
1,53,9,7,12,2,7,7,7,8,2,9,8,7,6,8,8,8,9,18,8,15,1,2,1,1,1,1,12,5,3,6,5,6
2,28,1,7,11,2,8,8,8,8,2,9,8,8,9,8,8,8,8,5,8,20,2,3,1,1,1,1,8,6,3,2,3,3
2,51,13,7,12,1,6,6,6,6,3,1,5,5,5,5,5,5,5,18,28,10,2,5,1,1,3,1,8,3,4,1,8,14
1,42,11,8,25,1,7,7,8,8,1,3,9,7,10,8,7,6,9,4,24,60,1,30,1,1,1,1,24,10,3,2,4,8
1,39,27,7,26,1,7,7,6,6,2,1,8,7,8,8,7,8,8,5,8,15,2,5,1,1,2,3,,,1,6,3,6
2,25,23,7,25,1,7,7,7,7,2,9,7,7,7,7,6,7,7,18,8,15,1,2,2,1,3,1,8,6,1,2,7,6
1,45,32,7,25,2,10,10,10,10,1,9,10,10,10,10,10,10,10,18,2,7,1,4,1,2,2,1,24,6,2,2,3,11
1,61,23,7,27,2,6,6,6,6,3,7,7,6,6,6,6,6,6,18,28,1,2,1,1,3,2,2,,,2,6,3,11
2,44,15,7,12,2,6,5,6,6,3,15,5,4,4,5,5,5,4,18,8,10,3,5,1,1,2,1,8,2,4,1,3,3
2,26,27,7,12,2,5,5,5,5,3,9,5,5,5,5,5,5,3,18,8,38,3,2,1,1,2,5,,,3,2,2,3
2,37,4,7,12,1,5,5,5,6,3,19,6,6,5,6,6,6,7,6,8,30,2,3,2,1,2,1,8,2,3,6,8,2
2,53,36,7,2,1,4,4,4,4,3,11,7,6,5,5,5,4,5,2,24,40,1,1,1,1,2,1,5,2,5,1,9,14
2,38,2,7,25,1,5,4,4,5,3,9,7,5,5,5,6,5,5,18,8,35,2,3,2,1,2,1,8,6,3,4,3,14
1,52,13,7,2,2,5,5,6,6,2,7,7,8,8,6,6,7,8,6,25,10,1,5,4,1,2,1,8,1,4,1,2,5
2,27,6,7,12,2,7,7,7,7,2,11,7,7,7,7,7,7,7,6,8,30,3,2,1,1,3,1,8,3,1,2,3,5
2,53,11,7,25,1,8,4,4,5,3,13,5,5,4,4,4,4,7,18,8,40,3,4,1,1,2,1,2,4,4,6,8,6
1,47,47,7,25,2,6,8,8,7,2,11,8,8,6,8,8,9,7,18,7,90,3,5,1,2,2,1,28,,2,1,3,5
2,36,21,7,9,1,7,5,5,5,3,3,7,7,5,7,7,7,7,18,28,20,1,1,1,1,2,1,9,1,1,2,3,6
1,57,40,7,2,1,5,5,7,5,3,9,7,5,2,5,5,5,5,17,8,30,2,5,5,2,2,2,,,3,2,3,7
2,46,22,7,11,2,7,7,7,8,3,10,8,8,7,7,7,7,7,18,8,7,2,1,1,1,2,1,8,1,4,6,3,3
1,35,25,7,24,2,7,7,8,8,2,9,5,6,6,6,5,6,5,18,8,30,3,3,1,1,1,1,8,1,3,2,3,7
2,41,10,7,25,2,6,10,10,10,2,13,6,10,6,10,8,8,8,18,8,40,1,3,1,1,3,1,28,,5,3,3,14
2,33,6,8,24,2,10,10,5,4,3,10,6,7,1,7,6,7,6,18,8,14,3,2,1,1,2,1,8,6,1,2,2,14
2,42,2,7,2,1,9,5,5,8,2,10,5,5,5,5,5,5,5,5,8,20,1,5,5,1,2,1,8,10,3,1,3,2
1,48,8,7,2,1,6,8,8,6,2,19,3,6,1,3,5,3,10,5,8,10,1,4,3,1,1,1,8,10,4,6,5,7
1,45,1,7,12,2,4,4,7,6,3,9,5,6,5,5,5,5,5,18,28,20,1,5,1,1,1,1,12,2,3,1,6,14
2,33,25,8,2,2,7,7,8,7,2,11,6,5,4,5,5,5,5,18,28,90,4,3,2,1,2,1,2,3,1,2,7,3
2,29,12,8,2,1,8,7,8,8,2,13,7,8,6,7,8,8,8,5,8,30,1,2,2,1,2,1,2,3,4,2,7,14
1,51,14,7,12,2,10,10,10,10,2,10,7,7,6,8,8,10,8,6,28,30,3,5,1,1,2,2,,,4,1,6,14
1,48,13,7,25,1,5,3,7,5,2,4,8,7,5,7,6,7,7,5,8,60,1,4,2,1,2,1,25,6,4,1,4,14
1,50,12,7,25,2,6,5,5,7,3,7,7,6,6,7,7,6,7,4,28,10,1,3,1,2,3,1,25,1,2,1,3,14
1,43,35,7,2,2,7,8,7,6,2,7,7,8,7,6,6,8,7,18,8,60,1,5,2,1,2,7,,,4,2,3,3
2,31,47,7,12,1,9,9,9,9,1,13,8,9,9,8,8,9,8,5,8,15,2,3,1,1,2,5,,,3,6,7,6
1,53,23,7,12,2,6,6,6,6,3,19,8,6,6,6,6,6,8,18,8,30,4,1,1,6,2,1,8,6,2,1,8,1
1,59,1,7,21,1,9,10,9,6,2,7,8,8,6,8,8,7,8,18,8,30,2,10,6,1,1,5,,,4,6,9,3
2,29,14,8,2,2,8,8,8,8,2,9,7,7,7,8,7,8,8,2,8,120,2,3,2,1,1,1,2,1,3,5,8,14
1,56,13,8,2,1,7,7,7,7,2,7,6,6,6,6,6,6,6,18,8,30,1,5,3,1,3,2,,,1,5,5,2
2,21,13,7,25,2,9,9,10,10,1,11,8,6,6,9,7,9,9,1,2,60,1,9,1,1,3,1,25,2,1,4,1,7
2,32,12,7,2,1,6,6,4,4,3,11,6,6,4,5,4,5,5,5,25,14,6,2,1,1,1,1,2,4,2,8,2,5
2,40,21,7,25,2,3,5,8,8,3,8,7,8,5,5,7,7,6,5,24,45,1,4,2,2,1,5,,,2,1,8,14
2,42,1,7,14,1,8,7,7,7,3,11,7,6,7,7,7,7,8,18,8,10,1,4,2,2,1,2,,,5,3,9,10
1,36,42,7,27,1,8,10,7,8,2,10,7,7,7,9,9,8,9,18,28,20,1,3,4,1,2,1,2,6,4,1,3,3
1,47,40,8,18,1,6,6,5,6,4,10,6,5,5,5,5,5,5,17,28,50,3,5,1,1,2,11,,,1,5,8,3
2,51,26,7,12,2,8,7,8,8,2,9,8,8,7,8,7,7,7,18,8,60,3,3,1,1,2,1,2,6,4,1,8,2
2,30,22,7,25,2,6,6,6,6,3,7,6,6,6,6,6,6,6,6,28,30,3,3,3,1,3,1,28,,4,2,2,6
1,44,40,7,24,1,5,6,6,5,3,8,5,5,5,5,5,5,5,5,28,10,1,10,3,1,3,10,,,4,2,3,6
2,23,13,7,21,2,6,8,8,9,2,11,8,8,1,9,10,7,10,18,28,10,4,3,2,1,2,3,,,1,1,3,3
1,41,45,8,12,1,8,8,7,7,2,4,7,7,6,5,5,6,5,2,11,20,1,2,3,1,2,1,8,1,3,1,4,5
2,34,23,8,25,1,8,8,8,8,3,13,8,6,7,8,8,8,8,18,8,30,1,10,1,1,2,1,28,,4,2,7,5
1,36,1,8,2,2,7,6,6,6,3,11,6,6,6,5,5,5,6,11,9,240,4,3,3,1,1,1,28,,1,5,9,2
2,26,39,7,25,2,8,8,8,8,2,9,8,8,6,8,8,8,8,18,28,14,4,2,1,2,2,5,,,2,1,4,14
2,31,11,7,12,1,5,5,5,5,3,19,5,5,5,5,5,5,5,4,2,3,1,6,1,1,3,1,2,1,1,2,7,5
2,32,16,7,8,2,8,6,8,8,3,13,7,7,7,7,8,5,7,3,2,60,2,5,1,1,3,1,8,2,3,5,3,14
1,35,11,7,24,1,6,6,6,6,3,11,6,6,6,6,6,6,6,18,8,30,3,2,1,1,2,1,24,3,1,5,2,14
2,40,13,7,9,2,6,6,6,6,2,7,7,5,6,5,6,7,7,18,28,14,3,2,2,1,1,6,,,3,6,3,10
1,38,44,7,2,1,8,8,8,8,2,1,8,7,6,7,6,7,6,9,8,5,1,7,3,2,2,1,2,2,2,6,3,3
2,44,10,7,2,2,7,7,7,8,2,2,8,8,7,8,8,8,8,18,28,7,1,3,2,1,1,1,28,,1,4,3,5
2,41,1,7,2,2,10,10,10,10,1,9,10,10,10,10,10,10,10,5,12,1,1,5,1,1,2,1,12,6,1,1,3,14
2,65,27,7,12,1,5,7,7,7,3,14,5,7,5,6,7,7,6,3,8,30,3,5,4,1,1,3,,,1,1,8,1
1,65,13,7,4,1,6,6,6,6,3,2,6,6,6,6,6,6,6,18,8,14,2,5,1,1,2,1,28,,4,1,5,4
2,60,43,7,24,1,8,8,8,8,2,11,8,8,8,8,8,8,8,18,8,15,1,3,1,1,2,1,9,3,3,6,8,9
2,60,2,7,14,1,6,5,5,6,3,10,6,7,5,6,6,5,6,4,8,30,1,3,1,1,2,9,,,4,7,2,14
1,40,40,7,24,1,5,7,7,7,3,13,6,6,6,6,6,6,6,18,28,90,3,3,2,1,2,1,8,6,3,1,2,5
1,45,23,7,21,2,5,5,5,5,5,11,5,5,1,5,5,5,1,18,8,10,1,3,1,1,2,1,8,1,1,2,3,8
2,37,13,7,24,1,8,7,7,7,2,11,8,8,8,7,8,7,7,4,12,30,4,5,2,2,2,5,,,1,1,2,4
1,38,14,7,1,2,7,7,7,7,2,11,8,7,5,7,7,7,7,15,8,30,1,8,4,2,2,5,,,2,2,3,10
2,26,1,7,8,1,5,5,5,8,2,3,10,8,8,5,6,6,7,6,28,1,3,2,3,1,3,1,8,8,4,2,3,11
2,53,14,8,9,1,6,7,7,7,2,9,8,6,6,7,7,7,7,18,2,20,1,15,3,1,2,5,,,1,2,7,9
1,45,13,7,24,2,4,6,7,7,1,19,8,7,4,6,6,6,9,18,28,30,2,10,4,2,2,1,24,10,2,2,3,8
2,33,13,7,2,2,9,8,7,9,2,7,8,9,10,8,9,8,8,18,28,10,2,1,1,1,3,10,,,3,5,7,7
2,38,14,7,2,2,8,8,8,8,2,11,7,8,6,8,8,8,8,18,8,30,1,3,1,1,1,1,8,6,3,2,8,14
1,23,11,7,24,1,9,8,8,8,3,9,7,6,7,7,7,7,7,1,8,23,3,5,3,4,1,8,,,3,1,1,1
1,41,47,7,7,2,8,8,9,6,2,2,6,6,7,6,8,6,7,18,8,90,3,3,2,1,2,5,,,3,2,3,7
1,38,12,7,2,1,5,5,5,5,2,19,5,5,5,5,5,5,5,18,8,10,1,5,2,1,2,1,8,6,4,2,3,6
2,39,12,7,25,2,8,7,7,7,2,13,8,8,6,9,5,9,8,6,8,60,1,3,1,1,1,1,8,3,2,1,2,4
1,44,21,7,24,1,5,6,7,7,2,2,7,6,7,6,7,6,6,9,28,10,2,3,2,2,2,7,,,2,1,5,4
1,32,14,7,8,2,6,6,8,6,2,9,7,7,6,6,7,6,7,18,28,30,4,3,2,2,2,1,8,1,2,2,3,11
2,31,12,7,25,2,6,6,6,6,2,10,6,6,6,6,6,6,6,4,8,30,1,3,1,1,1,5,,,3,2,7,14
2,33,13,7,8,2,8,8,10,10,1,1,10,10,8,8,10,10,10,5,28,10,1,20,1,1,2,1,8,2,4,1,3,4
2,31,47,7,27,2,8,9,9,10,1,9,8,8,5,9,7,7,9,2,28,60,1,10,1,1,2,1,27,2,3,6,4,5
1,34,27,7,25,1,4,7,10,9,1,10,9,8,9,9,9,9,9,6,8,50,1,15,4,1,2,1,8,6,3,2,3,6
2,47,19,7,12,2,8,6,6,6,2,11,8,7,5,8,8,7,7,18,8,100,5,10,1,6,2,1,8,6,3,1,3,4
1,35,27,7,25,2,5,5,10,6,2,9,7,7,6,5,8,9,6,5,8,30,3,2,1,1,2,1,25,6,3,1,3,5
1,34,13,7,25,2,5,6,8,7,2,8,7,5,6,5,6,7,6,2,2,25,1,5,2,1,2,6,,,3,4,4,6
1,50,14,7,12,1,7,7,7,7,3,9,6,6,6,6,6,6,6,16,8,20,3,6,5,1,2,1,8,6,1,6,3,11
1,34,13,7,14,2,7,8,9,8,2,7,8,8,8,7,7,8,7,4,2,2,4,3,2,1,2,1,2,6,3,2,3,14
1,43,47,7,7,1,10,10,10,10,1,10,10,10,10,10,10,10,10,6,28,150,1,5,6,1,2,5,,,1,2,5,4
2,38,14,7,25,1,9,9,9,9,2,13,5,5,5,5,5,5,5,18,8,30,1,20,6,1,1,1,28,,1,5,3,6
2,28,41,7,25,2,3,7,6,7,3,2,5,6,5,6,7,7,6,5,8,70,2,5,2,1,2,1,8,6,1,2,3,14
2,45,1,7,2,1,5,5,5,5,3,11,5,5,1,5,5,5,5,5,8,20,5,3,3,1,2,1,28,,1,1,8,2
2,39,13,7,25,1,10,8,9,9,2,11,10,8,6,10,9,10,9,18,8,45,2,10,2,1,2,1,8,3,1,6,7,6
1,30,13,7,25,1,8,6,6,7,2,13,8,8,6,8,8,6,7,6,8,7,2,20,3,2,2,1,8,2,1,5,3,13
2,28,8,7,1,2,4,3,5,5,3,11,5,5,3,5,5,6,5,18,8,50,1,4,2,1,1,1,28,,3,2,7,3
2,39,43,7,12,1,7,7,6,5,3,10,5,5,5,5,5,5,5,18,8,30,1,5,1,1,3,1,8,10,4,6,7,14
2,41,36,7,12,1,3,5,8,8,2,9,7,7,6,5,8,8,8,18,2,60,1,2,2,1,2,1,2,1,4,2,7,14
2,31,33,7,24,2,10,10,10,10,1,8,10,10,10,10,10,10,10,14,8,15,1,3,1,1,2,1,8,6,3,2,7,4
2,36,34,7,12,2,8,8,9,10,2,16,9,7,7,8,8,7,7,5,8,7,1,4,1,1,2,1,12,1,1,6,7,6
1,46,9,7,25,1,5,5,7,5,4,16,8,3,3,3,3,3,5,18,8,30,1,2,1,1,2,1,8,3,1,1,4,5
2,27,12,7,2,1,7,8,8,7,2,7,8,8,8,8,9,8,8,5,8,10,1,4,1,1,2,1,8,3,3,1,2,3
1,42,23,7,14,2,5,4,4,5,3,8,4,4,4,4,4,4,4,18,8,60,3,3,1,1,3,1,8,6,1,1,3,7
1,52,1,7,25,2,5,6,5,5,2,13,5,6,5,5,6,5,5,18,8,20,2,6,1,1,3,1,8,6,1,1,8,3
2,27,13,7,10,1,6,5,6,6,3,13,6,6,6,6,6,6,5,18,8,15,3,4,4,1,2,1,8,2,1,1,3,4
2,26,14,7,25,1,7,7,7,7,2,1,7,7,7,7,7,7,7,3,8,20,1,1,1,2,2,1,25,2,2,8,3,8
2,40,13,7,25,1,7,8,8,6,2,9,7,7,7,7,7,7,7,2,28,90,1,3,1,1,2,10,,,3,4,6,14
2,31,13,7,25,2,1,6,9,7,2,9,6,5,3,8,7,7,6,6,28,15,2,5,4,1,2,1,27,6,2,1,3,5
1,41,14,7,25,2,7,8,8,8,3,11,7,6,3,7,7,8,7,6,8,15,1,3,1,1,3,1,8,6,1,6,3,7
2,29,23,8,25,1,7,8,8,8,1,9,8,8,7,8,8,8,7,6,8,30,1,3,1,1,1,1,25,6,3,6,8,1
2,50,31,7,11,2,6,6,6,6,3,2,6,6,6,6,6,6,6,5,8,15,3,3,1,2,1,1,11,6,1,1,8,1
1,36,13,7,25,1,6,6,8,7,3,11,6,6,7,5,6,7,6,6,8,3,4,1,3,3,2,1,25,3,2,6,5,7
1,49,38,7,25,1,8,8,9,8,2,8,9,8,5,8,8,8,8,5,2,90,2,8,2,3,3,1,25,2,2,4,3,10
2,31,34,7,27,1,8,7,6,6,2,11,8,7,5,9,7,8,8,14,8,14,3,3,2,1,2,1,8,4,3,1,3,14
1,47,43,7,24,1,8,8,8,8,3,11,8,5,6,8,7,8,8,18,2,60,2,5,1,1,2,5,,,3,1,3,14
2,44,42,8,2,1,10,10,8,10,1,7,10,10,10,10,10,10,10,2,8,9,1,5,2,2,1,9,,,2,1,2,3
1,33,29,7,8,2,6,7,4,5,3,9,6,4,1,5,6,7,6,5,12,14,1,4,1,1,2,3,,,3,2,3,4
2,30,13,7,2,1,6,7,9,8,2,3,8,6,6,6,6,6,8,2,28,20,1,5,3,2,2,1,2,6,2,6,3,8
2,32,13,7,25,2,5,8,7,6,2,11,5,5,5,5,5,5,5,5,8,30,1,3,3,1,2,1,8,2,3,2,2,14
2,32,40,7,25,2,6,6,7,7,2,12,7,7,7,7,7,8,7,18,2,60,1,30,4,2,2,11,,,5,1,3,4
1,40,13,7,12,2,5,5,4,5,3,3,6,6,6,6,6,6,6,14,8,50,3,3,1,2,2,5,,,2,2,3,3
1,52,11,7,14,2,1,1,1,1,5,19,6,6,6,6,6,6,6,18,8,3,7,2,1,1,2,1,28,,3,1,5,11
2,26,14,7,25,2,5,6,5,5,2,7,8,9,7,7,7,8,9,6,2,90,1,5,3,3,2,1,25,1,2,6,8,6
1,51,23,7,26,2,7,7,7,7,2,5,7,7,7,7,7,7,7,18,28,60,5,2,1,1,2,8,,,4,6,3,8
2,37,24,7,8,2,7,6,5,4,3,3,6,5,6,6,7,5,6,1,28,60,1,2,2,1,2,1,8,1,1,1,3,6
1,48,26,7,25,1,7,9,10,10,1,9,9,9,7,9,9,10,10,18,28,40,3,3,1,1,2,1,8,6,4,1,9,1
2,35,14,7,24,1,7,8,8,8,2,10,9,9,6,8,8,8,8,18,9,10,1,1,1,1,2,1,1,10,2,1,9,14
1,40,11,7,2,1,8,8,8,8,2,4,8,8,8,8,8,8,8,18,28,20,1,5,2,2,1,9,,,2,1,3,6
2,28,44,7,2,1,5,5,5,5,3,11,6,7,7,5,7,5,7,18,28,20,1,3,1,1,3,5,,,1,6,7,14
2,34,39,7,2,1,8,8,8,8,2,11,8,8,7,8,8,9,8,18,8,20,3,2,1,1,1,2,,,3,6,4,11
1,45,18,7,21,2,7,7,7,7,2,7,7,7,7,7,7,7,6,18,28,30,2,3,2,1,3,1,12,6,1,1,8,1
2,44,11,7,25,1,7,8,7,7,2,11,8,8,4,7,7,7,7,18,2,30,1,10,4,1,1,1,28,,3,2,7,5
2,29,11,8,25,2,7,8,8,7,3,2,7,7,7,7,7,7,7,18,8,60,1,1,4,1,1,1,8,6,2,2,7,5
2,41,14,7,8,1,8,8,8,8,2,19,8,8,8,8,8,8,8,18,25,14,1,2,2,1,2,5,,,3,1,2,3
2,49,10,7,25,1,5,5,5,5,3,2,6,6,6,6,6,6,6,18,8,30,4,2,1,1,3,1,8,8,4,6,7,10
1,33,8,7,25,1,7,8,8,8,2,7,8,7,8,8,7,8,7,18,8,90,1,50,7,1,2,1,8,3,4,2,3,5
1,54,13,7,24,1,6,7,6,7,2,2,7,6,7,6,7,7,7,2,28,7,1,10,2,1,2,9,,,3,1,2,3
2,23,1,7,25,1,7,8,8,8,2,4,8,8,6,7,7,9,9,6,28,7,1,2,1,1,2,1,25,5,1,1,3,2
1,55,27,7,1,1,7,6,8,7,2,15,8,9,6,7,8,8,8,18,8,8,3,5,3,1,2,1,8,6,3,1,3,9
2,27,7,7,8,1,4,5,4,4,3,11,5,5,5,5,5,5,5,18,28,7,1,2,2,1,2,1,8,2,3,2,7,2
1,21,12,7,8,1,7,7,8,8,2,3,8,8,4,7,9,8,8,5,12,30,2,3,1,1,2,1,8,1,1,1,1,1
2,79,12,8,2,1,8,6,5,5,2,4,7,6,5,6,7,6,7,4,28,10,7,1,2,1,3,5,,,3,7,9,10
2,35,4,7,24,2,4,4,4,4,3,13,5,5,5,5,5,5,5,5,1,30,1,3,2,1,3,1,12,6,4,6,8,1
2,40,1,7,14,1,8,7,8,8,2,18,6,6,6,7,6,7,6,5,9,15,1,3,1,1,1,1,12,6,3,1,3,1
1,57,20,7,25,1,5,5,6,6,3,16,6,5,6,5,6,5,6,5,28,3,1,1,7,1,2,5,,,2,1,3,4
2,47,12,8,2,1,7,6,7,7,3,4,6,6,5,7,7,7,7,4,28,10,6,1,2,1,3,1,28,,3,7,3,11
1,46,43,7,12,1,8,8,8,8,2,8,8,8,8,8,8,8,8,6,8,7,1,8,5,1,3,1,2,2,2,1,3,12
2,29,13,7,2,2,6,6,6,5,3,7,5,6,6,7,5,6,6,4,28,30,3,3,3,2,2,4,,,2,2,3,11
1,38,13,7,2,2,8,8,8,8,2,2,7,7,7,4,2,5,1,18,28,60,3,2,2,2,3,5,,,1,1,4,8
1,22,46,7,26,1,7,8,8,7,2,2,8,8,7,8,6,7,6,18,25,15,2,5,1,1,2,1,8,6,1,1,3,1
2,59,1,8,2,2,8,8,8,8,2,8,7,7,7,7,7,7,7,5,8,60,1,5,1,1,3,1,8,6,3,6,8,14
2,27,19,7,2,1,5,5,5,5,3,18,5,5,5,5,4,5,5,18,28,2,1,2,2,1,2,1,2,3,1,1,8,2
1,52,12,8,2,1,6,7,7,6,3,8,6,7,7,6,6,6,6,4,28,16,7,1,2,1,3,1,2,2,3,7,3,11
2,42,11,7,25,1,7,7,7,7,3,14,6,6,6,6,6,6,6,6,8,30,1,3,2,1,1,1,25,1,1,2,7,3
2,34,12,7,24,2,7,7,8,8,2,11,5,5,6,6,6,6,6,18,8,10,3,3,2,1,2,1,8,6,4,1,2,2
2,43,4,7,26,2,6,6,8,8,2,8,7,8,8,7,8,8,8,3,8,10,2,5,1,1,1,3,,,1,6,7,2
1,35,13,7,2,1,9,8,8,8,2,5,8,8,8,7,7,8,8,6,24,20,3,3,2,1,1,1,24,2,4,1,3,6
1,63,4,7,21,2,8,7,8,8,2,11,8,8,8,8,8,8,8,4,26,15,1,3,2,1,2,3,,,3,6,7,3
1,40,9,7,12,1,5,5,5,5,3,11,6,6,6,6,6,6,6,4,28,10,3,2,1,1,1,1,12,3,1,1,2,4
2,38,13,7,2,1,7,7,7,7,2,6,7,7,7,7,7,7,7,18,28,40,3,3,2,1,3,1,28,,3,1,3,2
2,31,13,7,25,1,5,6,5,5,3,11,5,5,5,5,5,5,5,18,28,7,3,2,1,1,2,9,,,4,2,3,9
1,72,23,7,24,2,7,6,8,7,3,13,7,5,6,6,7,5,8,5,8,90,4,20,6,1,2,1,8,2,4,6,9,5
1,46,4,8,2,2,10,10,10,10,1,9,10,10,10,10,10,10,10,18,8,60,2,1,1,1,1,9,,,1,2,3,7
2,27,22,7,2,1,7,7,8,7,3,2,7,7,7,6,8,7,7,2,14,25,4,2,1,2,3,2,,,3,2,3,9
1,54,27,7,2,2,5,7,9,8,1,9,9,9,4,6,7,5,8,5,8,60,2,3,1,2,2,11,,,5,1,5,1
1,41,8,7,24,1,8,9,9,8,2,2,10,8,9,8,8,9,8,18,28,3,1,1,1,1,1,1,24,1,1,6,3,11
2,32,27,7,24,1,7,6,6,6,2,1,7,6,7,6,6,6,6,2,8,30,3,5,1,1,2,1,8,3,3,6,3,5
2,32,13,7,2,2,6,6,8,8,2,4,7,7,7,7,7,8,8,4,8,30,3,1,2,2,1,1,2,3,4,1,8,3
1,42,40,7,25,1,9,9,9,9,1,9,8,8,8,8,8,8,8,4,8,3,1,5,6,3,2,1,25,2,1,6,3,6
1,51,34,7,2,1,7,8,7,9,2,1,7,8,7,8,7,8,8,14,8,7,1,3,3,2,2,1,8,2,1,6,3,6
1,34,27,7,2,2,8,7,8,8,2,1,7,7,6,7,6,7,7,5,28,60,3,4,4,1,3,1,28,,4,6,3,14
2,34,13,7,21,2,7,6,9,7,2,9,8,6,7,6,8,7,8,18,12,2,3,4,4,3,3,2,,,1,1,1,1
1,34,12,7,12,1,1,3,4,5,3,19,5,5,5,5,5,5,5,5,8,45,1,5,2,1,1,2,,,3,1,3,4
2,29,23,7,25,1,6,7,7,7,2,9,7,7,7,7,6,7,7,5,8,30,1,3,1,1,2,1,8,2,3,6,3,11
2,47,26,7,27,2,7,8,7,7,2,10,6,6,6,7,6,7,7,18,25,2,5,2,1,1,2,1,28,,3,6,8,3
2,42,28,7,8,1,6,6,7,7,3,11,8,7,5,7,7,7,8,6,2,60,1,3,3,2,3,1,8,6,2,8,9,14
1,36,22,7,25,1,5,5,5,5,2,9,6,5,5,5,5,5,5,2,8,30,3,5,5,1,2,3,,,1,5,3,7
2,52,27,7,25,2,8,7,7,8,2,7,8,8,8,8,7,8,8,18,8,20,1,5,1,1,2,1,8,6,1,6,8,8
2,44,42,7,12,1,6,6,6,7,2,9,7,6,7,7,7,7,6,2,2,30,1,2,3,1,2,1,2,1,3,5,3,6
2,40,8,7,25,2,10,10,10,10,2,10,9,10,10,10,10,10,10,14,2,30,1,10,1,1,1,1,25,10,2,1,3,14
1,34,4,8,12,1,5,5,5,5,3,10,5,5,5,5,5,5,5,18,8,30,3,2,1,1,3,1,8,2,1,2,3,6
1,63,42,7,12,1,8,9,8,9,1,7,9,9,9,9,9,9,10,14,8,20,3,2,1,1,2,1,12,2,1,1,5,4
1,63,12,7,25,1,7,8,8,5,2,1,8,8,4,6,6,7,7,5,8,15,1,5,1,1,2,1,8,6,3,1,5,7
1,37,23,7,9,1,5,5,5,5,3,13,5,5,5,5,5,5,5,5,8,360,4,10,3,1,3,1,8,2,1,6,4,11
2,34,40,7,25,1,10,10,10,10,2,3,9,9,8,8,8,9,9,18,8,30,1,5,1,1,2,3,,,1,2,3,7
2,39,12,7,25,2,7,7,7,7,2,11,6,6,6,6,6,6,6,5,8,60,3,5,1,1,2,1,8,6,1,1,3,6
2,27,14,7,8,1,7,7,7,7,2,11,6,6,6,7,6,7,6,5,12,30,3,3,1,1,1,1,8,3,2,4,4,5
2,33,14,7,1,1,10,10,10,10,2,16,9,9,8,10,10,10,7,18,8,30,3,1,3,1,3,1,2,6,3,2,7,7
2,24,4,7,12,2,8,9,8,9,3,8,5,6,6,5,4,5,5,18,6,80,5,5,1,1,2,1,12,1,3,6,3,6
2,43,14,7,2,1,7,8,9,9,2,9,7,8,6,8,8,8,8,18,8,30,1,10,1,1,2,1,8,3,3,1,3,14
1,30,27,7,2,2,7,8,9,8,1,9,8,7,7,7,8,8,7,5,8,20,3,15,1,2,2,5,,,2,1,3,4
1,47,7,7,24,1,8,8,8,8,2,9,8,7,5,7,5,7,8,5,8,15,3,10,3,2,2,1,8,6,4,1,3,7
2,35,37,8,1,1,7,7,7,7,2,11,7,6,6,8,6,8,8,4,8,90,2,10,2,1,3,1,28,,4,6,7,5
1,31,13,7,25,2,6,4,7,9,1,13,8,8,2,7,4,3,7,6,8,90,4,10,1,2,2,1,8,6,2,1,3,3
2,27,27,7,9,1,1,10,10,10,3,18,9,10,10,10,9,9,9,18,12,35,1,15,7,1,1,11,,,3,4,5,2
2,57,1,7,24,2,4,6,8,6,2,9,9,8,4,7,5,5,7,15,8,20,1,3,2,3,1,1,24,3,2,2,7,13
2,30,27,7,8,2,9,9,9,9,2,15,9,9,8,9,9,9,9,2,12,45,2,4,1,1,2,1,8,3,4,2,2,6
1,44,26,7,24,1,8,8,8,8,3,19,8,8,8,8,8,8,8,5,28,7,1,5,1,1,2,1,24,2,3,1,4,6
1,45,28,8,2,2,7,7,10,10,2,9,9,9,1,9,9,9,9,18,1,30,1,5,1,1,2,1,2,4,4,5,8,6
1,37,39,7,8,1,7,8,8,7,2,7,6,7,6,8,7,5,8,6,24,7,1,1,1,1,1,1,8,3,1,1,4,8
1,37,28,7,11,2,6,6,6,6,3,1,6,6,6,6,6,6,6,18,28,10,3,3,2,1,1,5,,,3,1,4,8
1,46,14,7,24,1,6,6,6,6,2,9,7,7,7,5,6,6,7,18,8,20,2,2,1,1,3,1,24,3,4,2,3,11
2,53,27,7,21,2,6,6,6,5,3,2,6,7,6,6,6,7,7,4,8,60,3,10,1,1,2,1,8,6,1,2,7,14
2,28,22,7,12,1,6,7,8,6,3,10,7,6,8,7,8,6,6,5,14,60,3,5,3,1,2,1,8,6,1,2,3,14
2,27,11,7,8,2,5,8,8,8,1,13,10,9,8,10,8,10,9,6,28,30,2,10,1,2,2,1,8,1,2,6,7,7
1,36,22,7,25,2,6,6,6,6,3,1,6,6,6,6,6,6,6,18,28,30,3,5,1,1,2,1,25,3,1,6,3,14
1,28,13,7,21,1,6,6,5,7,2,5,8,7,8,7,6,6,7,5,11,20,2,10,7,1,2,5,,,3,1,3,4
2,41,40,7,25,1,9,8,9,9,2,10,9,8,7,8,8,9,8,18,24,60,1,3,2,1,2,1,24,6,3,6,7,6
2,42,27,7,25,1,8,9,10,10,1,2,8,8,8,7,5,5,6,6,8,30,1,5,1,1,3,1,8,6,3,1,3,4
2,27,38,7,2,2,7,7,7,8,2,8,8,9,8,9,9,9,10,5,8,7,2,5,1,1,3,5,,,4,2,3,14
1,36,13,8,2,1,8,8,7,7,2,15,8,7,7,7,7,7,7,5,25,7,1,2,3,2,2,1,2,2,2,6,3,11
2,22,37,7,2,2,6,6,5,6,2,9,8,6,5,7,6,7,7,14,27,30,2,5,1,2,3,1,27,2,3,1,1,1
2,30,17,7,25,1,4,5,5,5,3,11,5,5,5,6,5,5,5,18,10,90,1,3,1,1,2,8,,,4,2,7,8
2,36,47,7,7,2,7,8,9,8,1,11,10,9,4,8,10,6,9,18,28,40,1,8,1,4,1,11,,,2,1,8,3
1,54,47,7,24,2,5,6,4,5,4,11,5,6,6,7,6,8,7,18,2,15,1,3,1,1,2,10,,,2,1,4,8
2,36,12,7,3,1,7,6,6,5,2,16,6,6,2,8,4,5,6,5,8,40,2,5,1,1,1,1,8,10,1,1,3,4
2,23,19,7,12,2,8,8,8,8,2,10,7,7,7,7,7,7,7,14,28,7,1,4,1,1,2,1,12,1,4,1,1,1
2,38,35,7,2,2,10,10,10,10,1,2,10,10,9,10,10,10,10,18,28,90,5,2,2,1,2,1,8,6,1,1,4,6
2,29,1,7,25,2,5,7,8,8,2,13,8,7,6,8,7,7,7,18,8,20,3,7,2,1,1,1,25,3,3,6,7,3
2,33,14,7,12,1,9,9,9,9,2,11,9,9,9,9,9,9,9,5,8,90,3,5,1,1,1,1,12,2,4,1,3,14
1,47,8,7,24,2,6,6,6,6,3,1,6,6,6,6,6,6,6,18,26,60,3,10,6,2,1,1,28,,2,1,3,6
2,39,40,7,18,2,5,5,5,5,3,14,5,5,3,6,6,5,6,18,8,30,1,3,1,1,2,1,8,6,1,2,8,5
2,31,14,7,2,2,7,8,8,9,2,11,8,8,5,7,5,9,5,5,25,60,2,8,4,1,2,1,25,6,3,6,7,8
1,28,11,7,25,1,8,10,8,5,3,13,8,6,5,8,6,9,7,5,8,90,1,2,4,1,1,1,8,2,1,4,2,3
1,46,16,7,2,1,4,7,5,4,4,11,7,7,3,5,4,7,5,5,1,14,1,10,7,1,2,5,,,1,2,5,9
2,33,27,7,1,1,5,5,5,5,3,2,6,5,6,6,5,6,6,18,8,30,2,30,3,2,3,5,,,1,2,3,3
1,51,28,7,21,2,7,7,7,7,2,7,7,7,7,7,7,7,7,4,9,14,1,10,5,2,1,1,8,6,3,2,3,8
1,48,37,7,24,2,6,6,6,6,3,6,6,6,6,6,6,6,6,18,2,30,3,5,1,1,2,6,,,3,1,5,3
1,33,27,7,12,2,3,3,3,3,5,19,1,1,1,1,1,1,1,18,28,2,7,1,2,1,2,1,8,2,1,3,3,9
1,40,35,7,2,2,6,6,6,6,3,3,6,5,5,5,5,5,5,18,24,20,2,2,1,3,3,1,2,6,3,1,4,5
2,26,11,7,25,2,8,7,7,7,2,10,7,7,8,8,8,8,8,14,8,14,4,3,1,1,2,1,8,6,1,2,4,5
2,45,40,7,12,2,8,8,8,7,2,11,8,8,7,8,7,7,8,6,8,120,3,3,1,1,1,1,8,6,3,6,8,6
2,31,30,7,2,1,5,5,5,5,3,12,5,5,5,5,5,5,5,4,28,30,4,10,1,1,3,1,28,,1,2,3,4
2,31,4,7,12,2,7,6,6,6,3,11,6,4,5,7,6,6,7,18,24,20,1,2,1,1,2,1,24,6,3,1,3,3
2,36,1,8,12,2,6,8,8,7,2,13,9,8,7,8,8,8,8,18,8,30,1,5,1,1,2,9,,,4,6,8,14
1,30,13,7,14,1,7,7,7,7,2,10,7,7,7,7,7,7,7,18,8,60,3,3,1,1,2,1,8,6,4,1,3,5
2,35,12,7,25,1,5,5,8,8,2,10,7,7,6,8,6,8,7,4,8,10,3,10,3,2,2,2,,,4,1,3,14
1,42,13,7,12,1,6,6,6,6,2,9,6,6,4,6,6,7,7,6,2,14,1,3,1,1,2,1,2,6,3,1,3,8
2,44,40,7,12,1,6,6,5,5,3,13,5,5,5,6,6,6,7,5,25,30,2,3,1,1,2,1,2,6,1,6,3,3
1,44,11,7,12,2,6,6,6,7,3,11,6,6,5,6,6,5,6,18,28,10,3,3,2,1,2,6,,,4,1,3,6
2,36,9,7,12,2,8,8,8,8,2,9,5,5,5,6,5,5,5,18,25,30,1,10,1,1,2,1,28,,1,1,3,4
1,36,14,7,25,2,8,8,8,8,1,7,8,8,8,8,8,8,8,18,28,30,2,4,3,3,1,2,,,3,2,3,8
2,26,11,7,19,2,6,7,6,7,2,9,8,7,9,8,7,8,7,4,28,7,3,2,3,1,2,1,28,,1,5,2,5
2,37,1,7,13,2,5,6,5,5,2,14,6,6,6,5,6,6,7,6,8,30,1,2,2,3,1,1,13,1,2,1,8,14
2,59,13,7,25,1,10,10,10,10,2,19,10,10,1,10,10,10,10,1,8,20,1,5,4,1,2,1,8,1,3,6,2,6
2,31,40,7,2,1,7,6,5,5,3,11,4,2,3,6,1,2,3,18,28,14,1,2,1,1,2,1,2,3,1,4,2,5
1,36,1,7,12,1,8,6,7,7,2,6,6,4,7,7,6,6,8,5,8,14,1,10,5,1,2,1,12,2,4,1,3,5
1,38,28,7,2,2,5,5,5,5,3,7,5,5,5,5,5,5,5,18,25,180,3,2,1,1,2,1,25,3,1,1,3,6
2,28,4,7,2,1,5,5,5,5,2,8,7,6,5,6,6,7,6,4,8,10,1,5,2,2,2,1,8,2,2,1,4,5
1,43,47,7,10,1,5,5,5,5,3,12,5,5,5,5,5,5,5,18,28,30,3,20,1,1,2,7,,,1,1,2,4
2,33,14,7,2,1,8,6,8,7,2,9,7,7,8,7,8,8,7,18,8,100,2,3,1,1,2,1,8,3,3,6,3,9
2,55,14,8,21,2,5,5,5,5,2,10,6,6,6,6,6,6,6,5,8,60,1,3,1,1,2,5,,,4,6,8,5
1,52,11,7,25,1,6,6,6,6,2,6,7,7,7,7,6,7,7,4,28,60,1,20,4,2,2,5,,,2,1,3,4
2,43,3,7,2,2,6,8,8,8,2,10,8,8,6,8,7,7,8,14,25,5,1,3,1,2,2,4,,,2,1,2,3
2,28,9,7,8,2,7,8,8,9,2,2,8,7,8,7,8,7,7,9,2,7,3,5,2,2,2,1,12,2,2,2,8,6
1,33,13,7,2,1,5,5,5,5,3,8,5,5,5,5,5,5,5,18,8,60,1,5,4,3,2,1,2,3,2,4,3,14
2,32,15,7,8,2,7,7,6,6,2,11,7,7,6,7,7,7,7,15,12,14,1,1,1,1,2,1,8,2,3,6,7,5
2,38,21,7,24,2,6,6,6,6,3,3,6,8,6,6,6,6,6,18,28,30,1,2,1,1,3,11,,,1,2,7,5
1,45,35,7,12,2,6,8,6,6,3,11,7,7,7,7,7,7,7,18,8,30,3,5,1,1,2,1,12,3,3,1,3,3
2,36,27,7,25,2,5,7,8,8,2,7,7,8,7,8,8,8,7,6,2,60,1,6,3,3,2,1,25,1,2,6,7,2
2,43,1,7,2,1,8,8,7,7,3,4,5,6,6,6,6,6,6,18,8,7,1,10,2,1,2,1,28,,4,2,7,14
1,32,44,7,24,2,8,8,9,8,2,9,9,9,8,7,8,8,9,18,28,30,4,1,2,2,3,5,,,3,2,3,4
2,25,8,8,25,2,5,6,5,6,3,8,6,6,6,6,6,6,6,18,28,30,3,5,3,1,3,7,,,1,2,7,4
1,44,11,7,21,1,2,2,2,3,3,11,5,4,3,3,3,2,3,18,8,10,1,0,7,1,2,1,8,3,3,6,3,9
2,36,13,7,25,1,8,7,8,8,2,8,7,8,6,7,7,8,7,6,8,20,2,2,2,2,2,9,,,3,6,8,6
1,64,40,7,18,1,5,5,4,5,3,2,5,5,5,5,5,5,5,4,2,1,4,3,1,2,3,2,,,2,1,3,8
2,40,15,7,23,2,5,6,4,5,3,9,5,5,5,7,5,7,6,5,8,100,3,5,1,1,3,1,28,,1,6,8,4
2,38,42,7,2,2,5,5,5,5,2,2,8,5,3,7,5,1,5,18,8,30,1,2,1,1,1,1,28,,1,6,7,6
2,33,27,8,12,1,8,5,7,7,2,10,7,7,7,7,7,6,6,8,25,60,3,5,4,1,2,1,8,6,4,4,3,11
2,45,16,7,12,2,7,7,7,7,3,7,6,6,5,6,6,6,5,10,8,14,1,2,1,1,1,3,,,3,6,8,14
1,53,24,7,21,1,4,4,5,5,4,10,4,5,3,4,4,4,5,18,12,20,3,8,6,1,3,10,,,3,1,3,7
2,31,8,7,25,1,9,8,9,8,1,8,9,9,6,8,6,8,8,5,8,180,1,10,3,1,3,1,8,3,3,2,4,11
2,51,13,7,12,2,9,9,9,9,2,8,10,9,6,9,10,10,9,18,28,999,1,1,1,1,1,1,25,6,4,1,3,10
2,41,14,7,25,1,7,7,5,7,2,2,7,8,7,6,7,6,7,18,8,30,1,2,1,1,2,11,,,4,6,7,7
2,27,38,7,9,1,6,7,6,6,2,9,6,5,6,6,6,6,6,18,2,14,2,4,2,1,2,1,2,1,3,6,8,2
2,38,14,8,25,1,6,6,6,6,2,9,6,6,5,5,5,4,5,18,8,60,2,4,1,1,2,1,8,10,1,6,7,3
2,33,12,8,25,1,8,8,8,8,2,19,8,8,8,7,7,7,7,6,28,40,3,5,1,1,2,1,28,,1,6,7,8
2,26,23,7,25,1,6,6,6,6,2,9,7,7,6,8,8,7,7,4,8,180,1,7,1,1,2,1,8,2,2,6,7,4
2,53,13,7,25,1,8,5,5,8,2,7,8,8,8,8,8,8,8,18,8,20,1,5,1,1,2,1,25,2,4,1,2,2
2,33,12,7,14,2,5,3,5,5,2,5,7,5,5,5,5,5,5,5,8,14,1,2,1,1,2,1,8,10,4,4,9,3
2,34,13,7,9,2,7,7,8,8,2,8,7,7,5,9,7,8,7,18,8,180,1,1,1,1,2,1,2,10,3,2,3,12
1,46,14,7,25,2,5,6,6,8,3,11,6,6,5,6,6,6,6,18,28,2,1,4,1,1,2,1,25,1,1,6,3,6
1,43,24,7,25,2,7,7,7,7,3,10,7,7,9,7,7,7,7,17,8,10,4,3,1,1,2,1,8,2,3,1,4,11
1,44,11,7,25,1,5,7,9,8,2,10,8,6,4,8,7,7,7,4,8,21,1,3,3,2,2,1,8,6,2,1,3,14
2,33,1,7,8,2,5,4,4,4,3,14,7,7,7,7,7,7,7,14,27,30,6,2,3,1,2,1,27,2,3,2,7,14
2,46,34,7,2,2,10,8,10,8,2,11,8,7,5,8,7,8,8,18,8,7,1,2,2,2,1,1,8,3,3,2,7,8
2,26,27,7,12,2,5,5,5,5,3,11,5,5,5,5,5,5,5,18,28,1,6,2,1,1,2,1,8,2,4,1,3,4
1,26,13,7,25,2,6,5,8,6,2,15,6,5,6,6,5,5,8,5,8,40,1,5,3,1,2,1,8,6,1,1,3,5
2,28,14,7,25,2,6,6,6,6,3,9,6,6,5,5,5,5,5,18,8,30,3,1,1,1,2,1,8,2,3,2,2,5
2,51,14,8,2,1,7,7,7,7,2,11,7,6,5,7,7,7,7,5,8,30,1,6,1,1,1,1,8,5,1,2,2,4
2,32,13,7,8,1,5,5,5,5,3,1,5,5,5,5,5,5,5,18,28,60,2,2,1,1,1,1,8,1,1,6,7,5
2,28,27,7,25,2,6,6,6,6,2,9,7,7,7,7,7,7,7,5,8,30,5,2,3,1,2,1,25,1,2,2,3,9
2,32,43,7,24,2,5,5,5,5,2,1,5,5,5,5,5,5,5,3,28,20,3,3,1,2,2,1,28,,2,1,3,2
2,23,13,7,9,1,2,4,9,9,2,9,7,7,7,7,7,8,6,13,1,30,1,5,4,1,1,2,,,1,1,3,3
2,42,13,7,2,2,7,7,7,7,3,9,7,7,7,7,7,7,7,18,8,30,1,2,1,1,2,1,2,2,1,5,3,5
2,28,14,7,12,1,6,8,10,8,2,9,6,7,8,7,6,7,8,5,2,20,2,5,1,1,1,1,2,3,4,2,3,7
2,35,13,7,25,1,10,8,8,8,2,7,8,8,8,8,8,8,8,18,28,60,1,3,1,2,2,5,,,2,6,2,7
2,40,46,7,25,2,8,8,7,8,2,13,9,3,4,7,6,6,7,18,2,30,3,5,1,1,2,5,,,1,2,3,6
1,48,14,7,24,1,6,6,6,6,3,9,6,5,5,6,6,6,6,18,28,40,2,2,1,1,2,1,24,5,4,6,3,11
2,36,40,7,25,1,10,10,10,10,2,15,5,5,5,5,5,5,5,18,8,30,1,10,2,1,3,1,28,,4,1,3,4
2,28,13,7,2,2,5,7,8,7,2,9,8,7,7,8,7,7,7,18,8,90,5,10,1,1,2,1,8,10,1,2,3,6
1,44,27,7,11,1,5,5,5,5,3,9,5,5,5,5,5,5,5,18,28,10,3,2,1,1,3,1,28,,3,1,3,3
2,25,27,7,12,2,4,5,5,6,3,19,6,7,7,8,4,5,9,18,2,20,1,5,1,1,2,5,,,3,6,7,5
2,32,23,7,27,1,8,8,8,8,2,7,7,8,8,8,8,8,8,18,28,25,3,5,3,1,2,1,28,,1,1,3,3
1,46,22,7,24,1,6,7,7,7,2,7,7,6,5,8,6,7,7,18,2,14,2,5,1,1,2,11,,,4,6,3,6
2,39,12,7,11,2,5,6,6,6,3,5,8,7,8,7,8,7,7,18,12,30,1,5,1,1,2,1,12,6,3,1,8,2
1,43,13,7,4,2,5,5,5,5,3,11,5,5,5,4,5,4,6,6,28,7,1,4,3,1,2,1,8,3,5,6,3,9
2,54,21,7,21,2,5,5,5,5,3,13,5,5,5,5,5,5,5,5,8,30,3,1,2,1,2,1,28,,1,1,8,14
1,48,8,7,2,1,6,6,6,6,3,10,6,6,5,5,4,5,6,6,8,30,1,3,1,2,2,1,8,2,3,6,3,8
2,56,14,8,24,2,6,8,6,7,3,15,8,6,5,6,6,8,8,13,8,40,1,5,4,1,1,1,24,4,3,6,3,7
2,27,11,7,8,2,10,8,9,10,3,19,6,7,7,8,7,8,8,18,28,30,1,5,2,3,2,1,8,1,2,1,3,3
2,45,14,7,21,2,7,7,7,6,2,17,7,7,7,7,7,7,6,5,14,180,1,10,1,1,2,2,,,3,1,3,4
2,37,22,7,12,2,7,5,5,6,2,13,7,8,6,7,5,7,7,5,25,90,2,2,1,2,1,1,28,,3,6,7,4
