exposure_score,recommendation,expectation,SQ1,age,region,Q5_2,Q12_2,Q14_2,Q28,Q29,Q30,Q31,Q38,Q39,Q41
0.0,1,1,0.3047170797544313,-0.1525225324523588,-0.0961789369233322,4,1,1,0.5321293738814383,0.7698568930553547,0.0846612807327637,0.9543483290916974,-1.1383267269609427,0.0655325808300507,-0.9363212750452936
1.0,2,1,-1.0399841062404955,0.3833938643534951,1.1280188573493026,1,2,3,2.91424464841542,-1.893171161238105,2.76743589203226,0.4952729460685979,-0.4416917941729942,0.1151313675078095,-0.9064310592771632
2.0,3,1,0.7504511958064572,0.9998242469102946,-2.280737845371923,5,3,5,-1.7769866393260751,0.2172731582286239,0.8345255473690577,0.1456303143438848,-0.474512933619039,0.9444158685402726,0.4599002663077703
3.0,4,1,0.940564716391214,-1.058536081978409,-1.4966386899033264,1,1,3,0.3240125241899799,1.5750828276087308,1.049498605863319,0.3932297769848273,-0.6718477397612058,0.1366022830127007,-0.0711669888530866
4.0,5,1,-1.9510351886538364,-0.1250090303195776,-0.9228864418952676,3,2,2,-0.7601900886189056,0.4886685244673071,0.8439368915533556,-0.861982355313375,-0.3157894861550056,1.2283943683343843,-1.885761610571128
5.0,1,1,-1.302179506862318,1.4814555476589732,1.461178866720329,4,1,5,0.57740257751925,0.1706250785397928,1.4794621438521929,0.8572103535566122,1.178450850318331,0.0079940295488133,0.3751081637541907
6.0,2,1,0.1278404031672853,-0.7435882288125641,0.2825869829192965,2,3,1,0.0465574733278609,-0.5604494688030756,-0.1900716729007449,-1.112044254359201,0.1992380412492392,-0.1153349948073361,-1.8524229149889544
7.0,3,1,-0.3162425923435822,-0.8222500172903203,0.7673172404612268,2,4,3,0.7618547740424635,0.0310472004885542,-2.0547613076752937,0.8353769939022309,2.4718090760554694,1.0643121862471825,-0.9452565518733762
8.0,4,1,-0.0168011575042887,0.2023061918311935,-1.1401609191262303,3,5,3,1.1755065765087795,-0.2520628154033563,-0.1885861330060098,1.186142502118831,0.1705081860196493,-0.9784408800414344,1.3516813728601071
9.0,5,1,-0.85304392757358,0.8443851904853201,-1.1195358752705262,5,2,3,0.1924211177681813,-0.7859766079313554,0.8117357099965018,0.2108646020880872,-0.2900657739372517,2.8144474532661614,1.8248790178071157
10.0,1,1,0.8793979748628286,0.0114260555606593,0.4478137167227104,2,5,5,1.1320522884141782,-0.2898756154748698,-0.9698003951150737,-0.1762130589619758,0.004132882654866,0.3752574781667358,-1.2156563684719617
11.0,2,1,0.7777919354289483,1.3289605904369892,0.0582743309354465,4,2,3,-2.3442978937886774,0.1983811606264395,-0.1763659504893303,0.4003099083096733,0.25649197844354,0.3808292528376731,-0.3293915374126943
12.0,3,1,0.066030697561216,0.8567939825665268,0.5487388188641266,3,4,5,1.5904522979160232,-0.7672170685306403,-0.6917697430023131,-2.861518370100673,0.4352539571710636,0.5250959739725976,0.0426225230787059
13.0,4,1,1.1272412069680329,0.8418200668900618,-0.1876709909284521,1,3,1,0.3750621518923401,-0.8062818206846841,1.5020292518431304,0.3022582184854612,2.076711325859024,1.8771364753316424,1.781226927581568
14.0,5,1,0.4675093422520456,0.5541165013240933,0.278143726454627,4,4,4,1.077843355745182,-1.3602434375921744,0.7494570154065637,-0.113353997839807,-0.8453204649775686,0.7925074116726066,-0.4928689478244015
15.0,1,1,-0.8592924628832382,2.327653100346085,0.1581190849051091,5,4,3,-1.2198757448415216,0.3907250260888961,0.651540620643959,-0.050628113056991,0.8590460581777356,-1.6050559790039236,-0.4768840230332781
16.0,2,1,0.3687507840824988,-0.2051616888660442,0.7777673890849254,3,3,2,-0.8307698816053357,0.5453232619670604,0.6216013131209713,0.7065325128978275,0.2077505976141238,1.4034703847675043,1.548725558462862
17.0,3,1,-0.9588826008289988,-2.003522292066514,0.8070082819444706,1,2,2,0.1459382941447741,0.2316604442365174,-0.0372492525521269,-0.0747689215647278,-1.5710977425706176,-0.3408965794450173,-0.374789152718258
18.0,4,1,0.8784503013072725,1.604254361517141,-1.61987199439177,1,3,4,-0.017037889337463,0.9651704927286658,0.1975562825275035,-1.140206856651158,0.7706987820947633,0.1071550728393234,0.7222017089664575
19.0,5,1,-0.0499259109862528,-0.4576994309568256,-2.247268555340856,3,5,4,0.2830685880099896,0.0878676370807275,-1.1851845805323176,-0.141402670825378,1.2676235608039048,-1.2792539721752665,-1.4771429651124277
20.0,1,1,-0.1848623635452605,0.107880444343033,1.0017453976515072,3,5,4,1.084515160929966,0.3920109373657567,-2.186441978750568,0.0675554840808244,-0.8571764037774298,0.5262020181238957,-0.1712327440923262
21.0,2,1,-0.6809295444039414,1.309550684860527,1.1877250932619363,3,5,1,-1.7652203153028492,0.3038374256375628,0.150081130345024,0.1149339115810127,-0.0089338678919706,-0.6513742900675522,-1.6595968383264046
22.0,3,1,1.2225413386740305,-1.602259541058925,-1.0206230195133374,2,1,3,0.9738190717173092,-0.0915400194182078,0.3239902562721444,0.161919367285068,-1.7253542620077036,0.1001696379934737,-1.0554337809557044
23.0,4,1,-0.1545294820688021,-1.2516472141061394,-1.8598354065456288,3,3,5,0.008281909957927,-0.5308218281296473,1.2092645684253776,1.0393690449185533,-1.2588064596843365,-0.284099005360783,0.8392013551522634
24.0,5,1,-0.4283278221631072,-1.6012779371188537,0.0990348210072009,2,1,1,-0.2037818611245477,2.214152615791911,1.5713358160823676,-1.0860345530341475,1.0480295776172526,1.925012801735852,-0.0499053910867126
25.0,1,1,-0.3521335504882296,-0.7941362900254239,0.9308382263505294,4,4,3,-1.4711152343848903,-0.4519509798535085,1.5699984849989468,0.1757004561648499,-0.4664165060074345,1.9822603001455896,-0.3191057405529746
26.0,2,1,0.5323091855533487,0.4396366060169935,1.7975945224343146,4,5,3,0.503048668376865,-0.6658777111204364,-0.9980235932938778,1.289929698618241,-1.1088029749380393,0.0465131702147413,-0.7487496239809176
27.0,3,1,0.3654440643640783,0.524187842812771,0.516297572101451,4,1,5,-2.414107851031037,0.4340098234501069,-0.3522650349497693,-1.7346114969371953,0.2294603644584296,0.0639777113688547,-0.2206560732412827
28.0,4,1,0.4127326115959884,0.2762741793285537,-0.3717166965856949,1,4,2,0.6483940112387127,0.2518544152950051,0.4803342958813795,0.1796466807800535,-0.5224124314310232,-0.373442966349515,0.3011131671006936
29.0,5,1,0.4308210030078827,-1.4127658838923665,-0.8931306215848627,5,5,3,-1.492105835472992,-1.4047915476103274,2.531904677742177,-0.5853785019730434,-0.4708216577755361,1.1060062915027862,0.9829162064617618
30.0,1,1,2.141647600870461,-2.310103436632644,0.0114512916706544,1,5,4,0.053457912617474,1.1226782545637386,1.480099203713916,-0.3707103844731049,0.7393260256749032,-0.3289198703333771,-2.6251466840968023
31.0,2,1,-0.4064150163846156,0.0543535853903822,-0.2992647038852564,5,2,1,-0.1191688373279204,-0.0941945753508333,1.1193971619983802,-0.904807503214422,-1.1617333589343466,-0.4213372746456993,-0.8317611742628097
32.0,3,1,-0.5122427290715373,-0.4717760336383357,-1.015067905728816,1,1,5,1.1695381472938835,-1.1109310952157203,-0.3877879555492906,-0.169550715700444,-0.9053652126818322,0.9785928636649645,0.1590962421890057
33.0,4,1,-0.8137727282478777,0.4593857717166117,2.0487556508632867,3,5,5,-0.1786551690138901,1.188784114353874,-0.8831996311551246,1.8412556144269043,0.1540799921488686,-0.5382990953166494,-0.0988631159622858
34.0,5,1,0.6159794225754956,0.7019536262212701,1.785168402072131,1,5,4,-0.6941385611456656,0.625675571596154,0.7889078833832395,-1.2644303611772136,0.9694097907482052,-0.0377550344485305,0.403376242526725
35.0,1,1,1.1289722927208916,0.1382414320586819,1.1360486835554284,1,3,4,-0.506602695971203,-1.2645419919479142,-1.10066126423436,-1.1696100024788274,1.2381603014898497,-1.5813107815109928,0.2675402861265538
36.0,2,1,-0.113947457654875,0.7601330853758538,-0.9208503978091276,4,5,4,1.2728827687546636,1.7771828402577243,-0.2384363509803026,-1.3019345701635046,-0.665061720361623,0.7041903451231669,-0.3048678629934072
37.0,3,1,-0.840156476962528,0.2292113741150684,0.8550193242972788,4,1,4,0.5362969691808936,0.6587973683661927,-0.1147779490019226,1.727418286628101,0.937376966919648,1.9408669391818687,-0.5268531959871771
38.0,4,1,-0.8244812156912396,0.5300647056014667,0.6396264094979018,1,4,5,-0.3856299815231613,-0.0101961156250461,1.592912089122808,-0.4623397055212869,-0.7841422934704089,0.7212253727997919,-0.2455014897355009
39.0,5,1,0.6505927878247011,-0.7046732628698824,0.4425456242040529,5,1,3,-0.2364464199645134,1.5902188056217794,-0.3546973029596775,-0.0256390603476742,1.8262093469068,1.461799167547305,1.1487423498227427
40.0,1,1,0.7432541712034423,-0.1796114138314585,1.2496652670437771,2,5,3,-1.567177090585447,0.1592977838296405,-2.4392496385726155,-0.4027829411062397,-1.1337710254197284,-0.8461021361773309,-0.7320079329057144
41.0,2,1,0.543154268305195,0.1967760966569572,0.6353711428612774,2,4,4,0.388474200851541,-0.0280830751040319,0.5044446476624683,-0.9444228784030916,1.328478810791731,0.2363242820282007,-0.0628067231439554
42.0,3,1,-0.6655097072886943,0.8205284754174188,0.7400142363043355,2,5,1,-1.7598157076954657,-0.660300116021989,-0.6990218531039264,-0.2351506466144354,-0.6564861068187239,-0.9431599243693896,0.183342213998421
43.0,4,1,0.2321613230667197,-0.3937411722245721,0.6369062833722101,3,3,5,0.7517964658354561,0.5818504393070786,0.0426310244377468,2.45824360573656,2.0132464547946003,-0.2277655455813428,1.560350929874458
44.0,5,1,0.1166858091407282,0.5211672557321126,0.3407914080021059,1,1,4,0.1286215924912658,0.4766029673239799,-0.0867047008421236,1.392070920974255,0.5913207288524843,0.7722114773525048,-0.3003082582363132
45.0,1,1,0.2186885967290129,-0.265838791915379,-1.7836111297141837,3,1,4,2.3869517995739225,0.0146801398897112,-0.2737039958177683,-0.8529378177922723,-1.016016529408222,0.1018206131032986,0.9588066560109608
46.0,2,1,0.8714287779481898,-0.1175421673281303,0.0836210774105572,2,2,2,-1.1001355537243058,-0.789986353867603,0.7903405817847039,0.6475741030616857,-0.5222384795425068,-1.4126410226012216,1.2319794032650222
47.0,3,1,0.2235955487746822,0.829519042024073,-0.5561919588491252,1,4,2,-0.1026620910406329,0.1299298541660738,-1.5328648783527072,-0.8315227726663764,0.7811812052237417,-1.3150291055377534,-0.0637542649906482
48.0,4,1,0.6789135630718949,-1.993060371054156,-1.2798409576400205,2,1,3,1.798287700923063,-0.0697987857621378,-0.5170142249543602,-1.7763676388462208,1.0526444176155614,-1.3811639314907738,-0.2107189790767625
49.0,5,1,0.0675790694888914,-1.296472328074761,1.681816619300824,4,5,4,1.1913896402914144,-1.333474318734201,0.6840379131173813,1.0195109176646295,-0.0707155917244626,0.4914525899395903,-0.3290536720482161
50.0,1,1,0.2891193986899841,-1.4821853974428207,1.7289953408857035,4,2,4,-0.6962120515798997,-1.4718123513241856,-0.6140847753443682,1.1600928466435507,0.0446582809634664,2.063894535656668,-0.2558231342425823
51.0,2,1,0.6312882258385404,-2.3336161198483047,1.359220600295612,2,3,4,0.2239674283734477,0.5651533788097695,-1.6088067092699718,1.0460522510478991,0.7583530326440655,1.3624582440002129,0.8542398605768328
52.0,3,1,-1.4571558198556664,-0.6782644401551767,0.2552134168558746,2,2,5,0.0019993564150872,-2.601888315051689,0.6685553432567358,-0.4698652492195727,0.1317984270108199,-1.8959851991460643,0.2310099772555139
53.0,4,1,-0.3196712163573013,0.7494338997277404,1.3506251209526567,4,3,5,0.2819558673941572,0.2054105269612599,1.123094630441539,-0.1667757340019862,-1.2935048593383758,1.421075938069784,0.2352897091698694
54.0,5,1,-0.4703726542927955,-0.2848840663825747,0.0120531806018255,4,3,4,-0.6986804359848298,-0.4780830577538245,-0.0449952076430063,0.7497655536581233,-0.8129740246401806,0.9364004170146472,-1.125223510379835
55.0,1,1,-0.6388778482433419,0.1977900819418521,0.2027972768977793,5,1,2,-0.0893204027007345,1.30824660687991,-1.9608455984695323,0.3914960373481072,0.235119943151665,-1.5452999455287575,-0.9674900773752344
56.0,2,1,-0.2751422512266837,1.0892174967107926,-1.093471370461983,5,3,3,-1.5980523752767135,-0.4934682091538757,0.7059697466988162,-0.3936374712970443,1.2154824164976936,-0.3032016167104975,2.14344682477698
57.0,3,1,1.494941311234396,1.3276861322676916,0.39699130449884,5,4,3,0.135123451868082,0.659484214251896,-1.659887881419688,-1.6190718201181646,1.6159824241620475,1.0955224114958095,-0.1778257252886896
58.0,4,1,-0.8658311156932432,-0.0691379347261395,0.0603859284244171,5,5,4,0.450020673421832,-0.3969138412377916,0.3087992768481657,0.1138751941420122,0.7795294207714503,0.5504335109347853,-0.7747719955783602
59.0,5,1,0.9682783545914808,1.3535858895693973,-1.3026521168344645,3,2,5,-0.227419412643884,0.1137481534861434,-0.8874638247421598,1.0790096392361133,0.2872907610363637,-1.3090950523879856,1.4310991655892973
60.0,1,1,-1.6828697716158048,0.0921266584341092,-0.0511971118165969,2,5,2,-1.6150508905847878,0.7368365309200512,-1.1598392857669653,-1.1975882890341571,0.748813885982477,0.6107421557961942,0.2818085486835521
61.0,2,1,-0.3348850299857748,-0.8373982238274621,-0.0797295638568084,2,5,3,0.9885318628514624,-0.4625557163245801,-0.4419100170796902,0.638759381675977,-0.6667508502068556,-2.137500596080588,0.5781549168645216
62.0,3,1,0.1627530651050056,-0.5944003521987352,1.79756116664464,2,5,1,0.3645250379928023,0.996554884498404,-0.1832975564272598,0.3315416951336926,-0.1532309602582141,-0.2228221757572113,-0.1380470752815336
63.0,4,1,0.5862223313592781,-1.4805365125650165,0.8942133285134095,4,2,4,-0.7260150977009768,-0.9936978771064832,-0.6442082503864482,0.7501482632323336,-0.8241307213394766,1.1379567694000488,-0.3186730905768041
64.0,5,1,0.711226579792855,-0.8881338537336524,0.011445439091466,4,5,3,-0.2806004468380639,0.2945928425583791,0.5887032782151507,0.8719754997190072,-1.2487426107077115,0.0183942155713198,-0.1695863724972903
65.0,1,1,0.7933472351999252,-0.3580166880744291,0.248787309801083,5,3,3,-1.5006694027818388,0.9226397227878528,-0.4460693784588337,-0.694465241925353,0.3335490116362049,-0.4989375499619459,-1.3827381702986268
66.0,2,1,-0.3487250722484376,0.8035850193786016,0.044212378104198,1,1,3,-1.0254101277779044,0.6600374917903349,0.980190871671822,-1.616959400164946,0.1855133065847436,0.8893462537723492,-0.0879274094198974
67.0,3,1,-0.4623517926645671,1.7207698311659838,-0.2029139847955477,3,2,2,-0.5378113463571395,1.9164448767354103,0.2811731656434794,-0.5335195256828793,0.6876524845090128,0.9747518150865816,0.2960330770426173
68.0,4,1,0.8579758812571538,-1.38218151537704,-1.0824271973882869,2,4,3,1.2284208122801512,-0.7634393173106605,-0.697557206596308,0.8891273175270074,0.5461118308924472,1.3100396928669502,1.8504632338437537
69.0,5,1,-0.1913043248816149,0.3928274682599189,-0.1510518776069292,5,1,4,-0.6395033908874757,-1.379149251348588,-0.8659398838322859,-0.542003903525971,0.242644271323862,0.8743424284463873,0.0859990650052155
70.0,1,1,-1.275686323337922,-1.0405439391575344,-0.7460982566525134,2,3,2,0.6402136593287587,-0.9943351084951194,-1.6474962990474389,-0.6940433238576419,0.5566166656775543,1.0813747939371463,-2.334177042210305
71.0,2,1,-1.1332872140034806,0.4746970884632019,-1.2503155389231464,1,4,1,-0.5383162028615798,0.660442566548437,0.2907331778668224,-1.8213503419246384,-0.0426830962274766,0.7329085574375346,-0.0939854327846214
72.0,3,1,-0.9194522860016112,-0.1310866506877266,0.5112218145475347,3,1,2,0.2479475608518748,0.4979229342693786,-0.3545875472513581,1.752647554550939,0.4128913952224006,0.2655286491164719,2.739504133108306
73.0,4,1,0.497160744053764,-1.8309058258475304,0.3912646599332349,5,3,1,-0.1413955021438021,0.1022566596474157,-2.3721955280635143,0.8257136414253099,-0.7261444026863596,0.089508999763814,0.8663662349850397
74.0,5,1,0.1424257360705652,0.9282969915684844,-1.786707511368078,5,2,2,0.8730566000927434,-1.12295704910713,-0.5357148727694001,0.7698959812747644,0.3697059256391301,-0.237259719097402,-0.8108889438085887
75.0,1,1,0.6904853540677682,-0.605000712808731,-0.1226846374951272,1,3,4,-0.5348113382185579,0.7668672933290608,-0.901034029254952,0.9677253867794736,0.6684176852860094,-1.2123682930597257,0.5911065144305567
76.0,2,1,-0.4272526463365342,-0.5339002383735546,0.9957013858999236,2,2,1,-1.572528250002441,-1.2247047776505404,1.5756775921706605,0.5767083615434017,-0.6696814280722031,-0.9553115088198088,-0.7420134248897403
77.0,3,1,0.1585396910767142,-1.06975241128969,1.0592237388963208,1,5,4,-1.381949031363633,1.1589495823768998,-1.7027786118933097,-0.244328855179529,0.0518320989928467,-0.2820144819352096,-1.3538075195468575
78.0,4,1,0.6255903939673367,-0.6542832766875555,1.025836842885239,2,1,2,-0.5318774939427574,2.857438423139865,-1.4413507997340538,-0.1637641041222016,-0.6236025096293596,0.2414521596024293,-0.3483693632340722
79.0,5,1,-0.3093465397202384,0.4278904406949172,0.0389132069014598,3,5,5,-1.2490599706780527,0.3664511465715505,1.1099696431056998,-0.4275643645921248,-0.5265066965161149,1.4408125980042632,0.0915264392388612
80.0,1,1,0.4567752375574114,-0.1892443409364055,-0.8450453279691511,2,4,4,0.4102120156795513,0.5831081356577431,1.3567631574639631,2.634740754415,-1.1249293551021546,-0.0417972278755125,-1.872155502433396
81.0,2,1,-0.6619259410666513,0.328662002282481,-1.0836988273580606,1,5,2,-0.4657681648580778,-0.4928597688955594,-0.7449829387256415,0.5559120312994426,1.2657749251665555,1.003476290877664,-1.149159290538636
82.0,3,1,-0.3630538465650718,0.3619218539288437,0.3446049047503575,3,5,3,2.3746065500264315,-1.8102133210868163,-0.6320858228089109,-0.4638004413514345,1.0656851747200478,1.079315656432121,0.0103355631823547
83.0,4,1,-0.3817378939983291,1.320661655528167,0.379280034365163,1,1,1,-1.737714595137132,-0.6027193630302223,0.6162353965533128,0.4654967741662798,0.5374338542273371,-0.231446797688791,-0.4081731759889541
84.0,5,1,-1.1958396455890397,-0.3427861508643793,1.2873311116050654,2,5,1,0.2036331787098012,-1.0928952410987494,-2.32709979694531,-1.0108689178563175,1.972195951943814,0.5946902113701839,0.3948112711460907
85.0,1,1,0.4869724807855818,-1.4768578168457318,1.0999796503420836,1,3,5,-1.127953023505669,-1.4470045764150157,-1.861193684505556,1.504506718589227,-0.1892456965683916,-0.2435280417248615,-1.2146683273085614
86.0,2,1,-0.4694023402027238,1.067222416571983,-0.1322286565311721,1,5,5,-0.4934013403826786,1.7223599419956492,-0.2807334008507118,-0.6610690958071401,3.0317624151106344,1.3221358940784769,0.7141137485533007
87.0,3,1,0.0124941187276874,-0.3314881720972547,-1.2442058788608694,3,5,1,0.1414194733405441,0.272862518025773,1.549890566129126,0.5010854326224657,-0.2275294153632203,0.6358433382659322,-1.183759097060195
88.0,4,1,0.4807466589059089,1.114592444577377,-0.3191065970108978,5,3,2,-2.325371374874287,0.3796875806139836,-0.4357300881667396,1.0659776297431345,0.2551933517560164,-1.190483754688355,1.64273430193763
89.0,5,1,0.4465311760299441,0.3833771131824704,0.2172311948105246,4,2,1,0.2368261167880274,-0.3090223651962495,0.1009367917351546,0.3847685442049928,-0.3977779139402081,0.1615246521538467,-1.7157582843783166
90.0,1,1,0.6653851089727862,-0.1311375302033449,-0.2020832453894041,1,1,2,1.902907462274168,-0.1728710824434363,1.133789272564012,0.0944699918196382,0.372325560060305,1.6481121618238797,-1.0925542703834126
91.0,2,1,-0.0984854845094236,0.3487758940462951,-0.5778941080776558,1,1,2,-0.4534382983685928,0.9645506822393334,2.106884733278146,0.0108020848560151,0.8356149278862445,-0.1812310345467011,0.4173708030318292
92.0,3,1,-0.4232983120441537,1.9510125601262995,0.2528848149698989,2,2,2,0.2598078568055095,-0.0323371186952154,-0.5768484731483126,-0.0564410968871071,-0.1139163930530839,0.4477150300950681,1.664233251497638
93.0,4,1,-0.079718210906399,2.076980529053753,-0.5039577414106104,4,5,3,1.0249216931253993,0.5306939380247327,-0.016836723733426,-0.5766984889275022,1.7767198471176209,0.5458788377391453,0.3150430361161707
94.0,5,1,-1.6873344339580298,0.0693811351327787,-0.628066083725374,4,3,1,-0.1639535000269965,-0.1960042978450158,1.8220552213428425,-0.4494834297697042,0.2391492846334607,-1.0366228991646005,0.5628579201823911
95.0,1,1,-1.4471124724230873,0.1601905933170753,0.3114528343034395,5,3,5,-0.5809601885314832,-0.3421528907320472,-1.5221992751914284,1.479590373650935,0.2704853861101991,0.5107079492135139,0.0175369016730584
96.0,2,1,-1.3226996123544024,1.0762401574663856,-0.4019925801292048,2,2,4,-2.275736403721752,-1.406914165601862,1.0275810705538218,-0.1085366326851566,-0.9089976945137176,-1.3938351520346255,-1.0263984541151934
97.0,3,1,-0.9972468276014818,-0.8456610327673472,0.2441043889783521,1,3,4,0.6409907193949733,-1.977749062367128,-1.0183155323612585,-0.7857962693827731,0.4184990745503845,-0.6256241064013961,-0.4901383482393793
98.0,4,1,0.3997742267234366,0.3330703726182551,0.2732040228521227,1,4,1,-0.1131684097288972,-0.2615619010664018,0.1024723671031567,-0.5162975968615086,-0.1340272208093656,1.075722967494192,-1.2119097199812767
99.0,5,1,-0.9054790553600608,-0.0258628479538564,-1.1394290010915746,1,5,4,-1.0126838513881615,0.0564966919932326,-0.2426190474002742,1.100370680697223,-0.6082397293372869,0.356756290308358,-1.2787099677768716
100.0,1,1,-0.3781625540393897,0.3139082114575536,-0.4812411238654122,1,4,5,0.1265967102776935,-1.286130036708791,-0.9580116007012291,0.6756066331644784,-0.7764744081483639,-0.304477807746527,0.4017489193197464
101.0,2,1,1.2992282977860654,-0.8333688059494058,1.4377769399164624,5,4,1,-0.5836803568061814,-0.0344748650346328,-0.9831019276582752,0.5603291782322569,2.671763379756685,0.4464610212451874,-1.1231779820879615
102.0,3,1,-0.3562639710614259,-1.589567493308969,-1.1620795127342871,2,5,4,-0.5284261311155256,0.053752562990502,0.2764143642537545,-0.2575211989097914,-0.2634772501790354,-0.0600922477551314,0.3195540067233614
103.0,4,1,0.7375155684670865,-2.072983435991292,-2.116654448970531,5,3,2,0.6062911561087082,-2.156008006059379,0.995539328162682,0.5733624701729451,-1.4569854207812678,0.0125785023518332,-1.3018227522210977
104.0,5,1,-0.933617680009877,-1.1173841129896078,-1.8618451532425115,3,5,4,-1.3383824113238445,-0.9151246594795012,-0.1297362031885032,-0.643561124950648,-0.6982214597325725,0.6568185267201376,0.2963830201167546
105.0,1,1,-0.20543755786763,-0.458675284939333,0.0291099465766692,3,2,3,1.0473152860737585,0.4072638937354685,0.0701131587332163,-0.2596140313457745,-0.0515678394762135,-0.7273677406591319,-0.4886825689629625
106.0,2,1,-0.9500220549105812,-0.2931915866487618,0.0309172780326989,3,1,5,-1.3976861631184037,0.3870587293957439,0.5711740662910472,0.9698044873917454,0.546667032616485,0.0403364055546906,1.4066155336506443
107.0,3,1,-0.3390330759005625,1.9372311624295169,-0.1176108554251209,5,3,1,-0.6627014083552638,-1.1536749163997606,-0.9716187730129598,0.8742776789190644,0.5547965217253135,-0.3122681946066529,0.3237188955790649
108.0,4,1,0.8403081374573955,1.105993369907298,1.2141898289285016,1,1,2,1.9229461940665773,0.1584480504997349,0.739692508412923,-0.9819098459508032,0.6766145517765254,-1.5856033746002556,1.2357828929941417
109.0,5,1,-1.727320423192349,-0.9620911163416273,-2.672834433102938,1,1,2,1.1273547616424222,1.022407225360472,0.819343097059747,-0.8555264529085758,-0.6448603066373296,-0.9204557562492998,-0.7556467164251925
110.0,1,1,0.4344236435458573,0.3477084524509569,0.3959338744308236,3,5,2,0.0976039924954401,0.7770729589908982,2.60362629875041,0.1087021528134096,0.3404404435015454,1.5682064470638322,0.0561433402441672
111.0,2,1,0.2377356023322779,-0.4070782363503251,1.5614382018035733,2,4,2,-0.9405302155012164,-0.0952857870139345,-0.3761041905595823,1.72613237466951,-0.8760594641105784,0.384723314585234,-0.9810871581162784
112.0,3,1,-0.5941499556967944,-0.2843638380400951,-1.127780764891714,3,2,2,-0.5292723066998932,-0.4679763133242924,-0.4580818016681276,-1.9155651644689944,-0.6196429830140117,-1.3235883014013892,-0.4136052427444181
113.0,4,1,-1.4460578543884546,0.185325649415382,-0.3798065117898951,4,5,1,0.0732753145856964,-0.6293444843345044,0.7689658715737455,0.2783329395705042,-0.9177089745002596,-1.5403543758484106,-0.2621042227446291
114.0,5,1,0.0721295077138695,0.6191711169753933,-0.7528919172286209,3,1,4,0.0375232323395984,0.4678197829096571,0.8191041689121383,-1.3760433315731482,-1.1883888545982697,-0.1121639001105839,-0.7258582206871392
115.0,1,1,-0.5294927090638024,-0.3392584838840153,-0.8943460460775288,2,2,3,-0.0908709296259628,0.195103973142888,-0.535087153376712,-0.6343309935255456,1.0642094888580087,1.5611865331764825,-1.215502858845695
116.0,2,1,0.2326762113547039,1.0638515327343585,-0.32626200502304,2,4,5,-0.0308325140841843,0.6294040061022004,-0.4031626769300488,-0.3644284180642414,0.6886117009788877,-0.1867581348043526,-1.4135173236526528
117.0,3,1,0.0218521455234428,-1.141938226142404,1.427485283684505,4,2,4,-0.2143751097051141,0.1318738131211519,0.5411308382180404,-0.4205083434368909,0.97666536997813,1.306999553404016,-2.339748115707397
118.0,4,1,1.6017788913209154,0.0063390623622684,1.8373866754875203,2,4,1,-1.4419787356400129,0.8187639503474419,-0.8275842407346614,-0.5337959396592085,0.0393130660242963,0.3519307708186574,-1.0563464635034578
119.0,5,1,-0.2393556274730242,2.5976737265958323,-0.3359392250401477,3,5,1,-0.5165107421608328,0.0945925329577001,-0.4105339880150149,0.0072070603763701,0.7768076988651466,0.4712504578458936,0.6274938966718445
0.0,1,2,-1.023497492621865,0.2230797426252751,1.90506021406447,3,1,3,0.9146240539868464,0.7846887161316864,0.0895927673684346,-0.5352555666305784,-1.761289404642545,-1.3357205093045694,-1.598498532013283
1.0,2,2,0.1792756349563161,1.4332145066061728,0.0355764769846248,4,1,3,-1.3683342975511177,0.8708227703666389,0.995938684822258,-1.4624573848541529,0.8630875180453551,0.9375229217497576,-1.368122846253305
2.0,3,2,0.2199966839717651,0.0915201781732081,1.753691026701081,4,5,2,-0.1895555115392785,-0.8045266302248135,-0.6045986161795408,0.7798696125227764,0.1771198300050302,-0.3349320372736072,1.790898571232915
3.0,4,2,1.3591875752404363,0.5807770953297967,-0.0932986496534917,3,3,4,-0.819753928770844,-1.808144046870746,-1.842384462030672,0.7528721671488805,0.6271096001491656,0.8630924536109083,-0.636496049848254
4.0,5,2,0.8351112459145785,-0.0567831943926915,0.1310578260461443,2,3,3,0.1113504293981113,1.543492856014553,-1.916597467518211,0.843174310022669,0.3800232990486131,-0.814169981986113,0.3210460091648358
5.0,1,2,0.3568710591495093,-0.1704075811642044,0.3654744726428345,2,3,4,-0.3886331810668181,0.2566587307122617,-1.2594130667061334,-1.540734496264082,-0.9870551545368866,0.1770493475099125,0.6423171465004947
6.0,2,2,1.4633028912195618,-0.7794823967254196,3.1788536793675357,3,3,1,1.477393664974669,-1.7144858954961215,-1.3131677181999373,0.2989181525841508,-1.4980397753910466,0.3520029539376315,0.6625261297812802
7.0,3,2,-1.188763054322851,0.4303013589575532,0.8512855748447891,2,4,5,0.5065831541902538,-0.7138194972187111,-0.154610758619909,0.6759788558069234,-0.7120541661829632,-0.1540333165758665,-1.5223142306080597
8.0,4,2,-0.6397515327497477,-0.8515371891857679,-0.7072645299514636,4,3,2,-1.3118031657772111,0.7718742923698284,-1.188880153597605,-1.031202068439585,0.5649172812729122,0.4045451930861567,-0.2310596798994902
9.0,5,2,-0.9265759414055248,0.6655852363134291,0.968997870275858,2,1,3,0.6712280116136986,-0.279676831132893,-0.7027549598212041,0.0091732481821291,0.6900914151753954,-0.2663970751925087,-1.618227269518392
10.0,1,2,-0.3898098031557679,1.08528700444591,-0.3618325370843415,4,4,3,-0.774651856262063,-0.5120614193191271,-0.7740858849820498,-0.1162666453103657,-1.3679422773818628,-0.6490597530412794,2.4463178589103234
11.0,2,2,-1.3766861475563088,0.3665314072372299,-0.4897501829012091,4,4,5,-0.5769963713775336,1.400881860312967,-0.4405078608479934,1.842150658568264,-0.9810993674682146,1.6054833827939643,-1.5948752640156
12.0,3,2,0.6351509468144043,-0.2862487335556918,0.9086013598921112,5,1,2,0.3138190201071218,-1.0472871463838105,1.3225043315231224,1.924496037012573,-0.7232356859408393,1.0489528663614422,-1.0478402188698202
13.0,4,2,-0.2222226970987733,0.4539655793086961,0.0310855877711527,1,2,2,-0.4917474197301347,-0.7981533577548339,0.6619475894305167,-1.6643563933302008,-0.3573050602668157,-0.7608647450481768,-1.0406008548415049
14.0,5,2,-1.470806294502658,-0.3086730555464126,0.2785759145118061,4,4,2,0.8928558163229553,0.2113864750482675,0.0161294152760038,2.4939270057279894,-1.3620508308526522,0.5684443055946129,-1.4966604767228804
15.0,1,2,-1.0155790812075416,0.9355471254651492,0.0139852218652924,1,4,2,-0.7745100615133954,0.3904549320538822,-0.4610262805808381,-0.915225721153324,-1.4220517661401326,-0.742678854701153,1.3525939097565454
16.0,2,2,0.3135138474501953,-1.831406084215124,0.3365831266054347,2,1,1,-0.6189465525913632,0.4963430343407315,-0.4332326566230212,0.9806732943274258,-0.8218352964075539,-1.1846846436623242,2.422447901083496
17.0,3,2,0.8381265678943811,-0.3356073681186462,0.4249658974361492,1,1,1,-0.6563708935481088,0.9112380445689467,0.3277464699519495,0.9704979808637308,0.0862538362250056,1.0338094413989762,-0.4757491193126174
18.0,4,2,1.9967308916917863,-1.9908119951239975,-1.9369669327054155,1,3,2,-0.5656387483550389,0.1985786206815168,0.5841690733522902,-0.9956902268418067,-1.1805943397534906,-1.7040996256474057,-1.32042314684441
19.0,5,2,2.9138624660073296,-1.495060830227205,0.6665726686095336,1,3,3,1.099191555547813,0.4893839389384091,-0.9076175061006004,0.493267793839099,-0.1158035099717661,0.9268559135765412,-2.236925498726021
20.0,1,2,0.4144094332759964,1.3638622298139094,-0.9820194198303006,1,5,2,0.6287962936103031,-0.2592092593150832,0.0364807556142314,-0.1075337442660639,1.0585528161418154,-0.2527223125730585,-0.2441087185221014
21.0,2,2,-0.989538120031864,0.895184981971686,-1.4422991355594112,5,3,2,1.709943954012071,0.0626983032367142,-2.031619568663027,0.5543300046323907,-1.30177973741351,-0.2115466030805286,-0.3163654231614438
22.0,3,2,-2.132046280731309,-0.7194802332847904,-0.0584112438586824,1,5,4,2.2676442038992546,0.1075341800536344,0.211713784170597,0.2306723023806257,-0.2064457584105394,0.4097512196232897,-0.6512961263601446
23.0,4,2,0.2677114623438358,-1.502503456040897,0.0839810033144542,2,2,2,-1.0307170319323398,0.215098135819036,0.762149241958686,1.196339485370247,1.0247567337507726,0.5811988119942524,0.2213752539762284
24.0,5,2,-0.812941095310326,-2.964528837841651,-0.6935061645722808,4,3,5,0.0704191273272888,0.7725398075827608,-0.2800686268808754,0.0753995431460622,-0.4182683903638093,-0.8263431768289082,0.3951731428154863
25.0,1,2,-0.4153572601796853,-0.5434955079326346,0.8310318576679744,5,1,4,-1.176200316643433,0.555145681944831,1.8165269961401052,-0.1678740694263112,-0.5736696908584189,0.7177256087500634,0.3230832579379006
26.0,2,2,-0.6120967990598081,2.4204150122474024,-1.342175166370907,5,3,1,-0.7776059277482671,0.0442170029001831,-0.8812384474360504,1.0960642330571804,1.1634958143064738,0.1133705380252234,-0.3161248719684872
27.0,3,2,-0.1407908864163852,0.4348842714636474,-0.4069437487725589,1,1,2,-0.6300825102556694,-0.8091259849410398,0.2174404153032612,0.5803959648586033,-0.3062020789715478,-1.256054792868038,-1.101621829574262
28.0,4,2,1.0659802307876436,-0.5595722860494895,-0.5848741349330007,5,3,1,-1.0571548741382744,0.0676712580627095,-0.0358247466659554,0.7318133943208879,1.104495025205568,-0.1698744835797392,0.6658330978067158
29.0,5,2,0.1570485674453446,0.4650802095003062,-0.0465872703393393,4,2,2,-1.0518872728984137,-0.0280177848957439,-0.1002976674434083,-0.6645866722585968,0.4289653911271988,1.3812790155589258,0.0125137594215304
30.0,1,2,-0.1586348370386883,-1.5609583529944429,0.2788642846472388,1,1,2,-0.1442843785202548,0.1931815798131983,-0.1143221680047476,-1.045262781398474,-0.3428446529098367,1.6765947982456966,0.8883575248346502
31.0,2,2,-1.0356537528258116,-0.2973233626976354,-1.0078929496235447,3,1,1,-1.216718418386407,2.206525307140402,0.1071050300094716,-0.5677221432527015,0.4796905305975303,0.7173484576086773,0.7900755494722314
32.0,3,2,-1.674682944704357,0.0994774730157384,0.7242826774562282,5,3,1,0.8421269591376328,-0.5237727785412354,0.8479587434636998,-0.6208213856805886,0.3204495138460378,-1.19034348816837,-1.4217620690471156
33.0,4,2,-0.4863079090733309,-0.0861006518210485,0.0630023683346997,2,5,3,-0.9177535374175142,0.4222890191253595,1.3777362362747445,0.7861992686529143,1.020882821002474,0.4906069024558882,-1.4342222074576032
34.0,5,2,-0.0537825508183204,0.7908061216900806,-1.8919462533119105,1,1,4,2.809568970096392,1.0684620672442982,-0.0022502445041573,0.9759840502940518,-0.5483455378650185,0.8508609038591928,-0.7555407187405284
35.0,1,2,1.767929913579883,0.3446452262360523,-1.958591440397031,5,3,2,-0.4513844509643951,0.0980019140993828,0.8153160721716332,-0.1551302895324003,0.0412060667816196,0.7257079833187221,-1.056265408290668
36.0,2,2,0.1302745214728858,0.668326018107997,-0.0123192929293112,5,2,5,0.0720176419170522,2.337845119172165,-0.7017669462667825,1.4309190188243524,-0.0615156796046374,0.7849542886879182,0.7552517759761007
37.0,3,2,0.9827395110230576,-0.6883722822307594,-0.2209673177863541,5,5,2,-1.2953411844660352,-0.3780392917314767,0.765955452726233,1.3684693937651298,0.7041481416397848,0.3632630792475308,0.3513096759879177
38.0,4,2,-0.499295598539152,0.8978154084105481,-0.1034201135746335,5,3,5,1.7060917581276394,0.324089222320047,-0.7619915238269903,0.2433989164005392,-1.0251791944441755,-0.0724123388305437,1.0991839937853107
39.0,5,2,-1.1849437664170246,1.6289369476239914,-0.0279824565302179,5,5,2,1.1195006808029162,-0.798805744892982,1.0906599360881322,-0.82189177154304,1.016977048237856,-0.6083674959040184,0.3964868174109183
40.0,1,2,-0.965116762232372,-0.9701495196514126,0.2255598395101807,3,2,3,0.2969158707361125,-0.3515247351432931,2.21064087739324,1.57537664943554,0.4663287721704166,-1.8979355185014963,0.208649581873369
41.0,2,2,-0.7252260645357532,-0.8876956557145598,0.9476496098482996,1,1,4,-1.3468025487795656,0.2489339103966579,-0.1220838879713917,-0.0610173510284082,-1.3169250736329463,0.3396417667133508,1.1997297803441704
42.0,3,2,2.1284697324351645,1.3357843363202329,-1.1111049009175582,4,3,1,0.2106668777246202,0.8463040623077297,-2.1925434908074086,0.1261651964309746,1.2082628254805003,0.1860528436521885,0.4697273397350485
43.0,4,2,-0.8213866792243861,-0.1913439866950602,-1.1719715929007948,2,4,5,-1.121431046017255,0.3190948340235742,-0.548072933244823,-0.3396050256065686,2.2340930807977317,0.5575758428248162,0.0681009634377188
44.0,5,2,0.838489203736345,1.403821392066557,-1.0933238578873825,3,5,2,1.4623552634733608,1.259114849334736,1.2318751342893033,-0.8897903262971976,1.0018339695494078,-1.337543693292894,1.4804530339306854
45.0,1,2,-0.9029271780870264,-0.4425357118921839,0.2889166671687069,4,5,3,0.8091947318531727,-0.0949653105926717,0.5530767870252449,-1.468639430315292,1.4269847672264693,0.6450166893150603,0.11518088315279
46.0,2,2,0.931573012874244,1.4550455762707113,1.2449473786464456,5,5,4,0.0954390384877361,-0.3321685298390053,0.2489135986750295,0.6328683235572881,0.0853713816025881,2.054545094620777,-0.3043406049179216
47.0,3,2,0.3849509661058631,0.1314858168054521,-0.4313394382395105,2,4,4,-2.4363756632473224,2.7039851072793866,1.008668355954839,-0.7834010538966204,-1.66150491973851,0.0784501307779113,-0.8378232587776496
48.0,4,2,-0.1566378976580904,0.2582288233226952,-2.5016998441596545,2,2,1,-0.9834159786590306,0.3942376494420307,0.484453439248422,3.0595312289968235,-1.8441204511675249,-0.0616653192065408,0.7030254590454112
49.0,5,2,-0.040762526135434,1.5647180216699044,-1.7039928626103755,4,3,5,0.6877611315998724,-0.7194815459785476,1.2177251874511363,-1.086073582612479,0.2550820438677584,0.309002356085701,1.2370505418424689
50.0,1,2,-0.6547876954293904,-0.3617704774441712,-0.8330367227960116,1,1,4,1.2128836917231558,-0.6942637622480688,0.9194236766469857,-1.25738247498137,-0.59197880772998,2.032337024710338,-0.05058740143343
51.0,2,2,0.4460722014820805,-0.9411220959249584,-0.5577288874952148,3,3,5,1.1091698114921316,-0.9426799145313404,1.5217004527369589,0.5101387156134412,-0.9145762783273512,-1.023647761699891,1.3079156237798386
52.0,3,2,-0.45498348034078,-0.4485642080283543,-0.4083886272547264,4,2,3,-1.5920130022414554,0.936569355856788,0.3587960839062543,1.5293134789672953,-0.0627466839686753,0.2032069333939049,-1.970015031971576
53.0,4,2,-1.2256057637672482,0.4523339506431387,0.038581122980917,3,1,4,0.301552306812904,-0.3643772928932418,0.9052594014939548,0.0645896569432216,0.6155852878612882,-0.7996574222976441,-0.0554533748079148
54.0,5,2,-1.2779375743196193,-1.5657590721805144,-0.3117463308224471,2,2,3,1.0155152164829295,0.1273624756564856,-0.3071270730857854,0.5722424201872743,-1.4527575467621472,-0.547004720844995,-0.0400949121044361
55.0,1,2,0.1725879177221194,0.6374709026511215,1.0493396105434072,5,3,5,-1.6583355655822452,-0.0635086744382687,-0.6014608115590059,-1.8435474174587096,-0.4488776202803848,-0.0495903078819393,-0.726994372407347
56.0,2,2,1.579091256410435,-0.5387713176177432,-0.6760173056813688,2,2,5,-0.0079045153732363,0.7314924079409346,1.706767640418973,-0.6775115456917667,1.5098706831203152,1.3473232416135588,2.383861037981873
57.0,3,2,0.1599916135734382,1.1478126607335637,-0.862317959475543,4,5,5,0.2738423983084562,-0.8467440928840201,0.216204676322688,-1.073615729137567,-1.0752883802213746,1.8009906006887368,-0.0661926326887611
58.0,4,2,-0.1186383261098825,-2.394260304900472,0.4788755385204616,3,3,3,-0.3007645848467349,-1.0755722861430157,0.804880565862379,-1.895045849947881,0.8697611871649563,0.4481421446267063,-0.4077307716044333
59.0,5,2,0.2858261396025429,-0.7865657751041687,-1.5356420699261193,1,5,4,-1.8521618554012016,0.2242973071815942,0.1237400144113901,0.1169802340238869,-0.4847307615489939,-0.3765947230234853,0.025962113433505
60.0,1,2,1.3060017417068248,-1.686468151234102,0.3896917053200022,3,4,2,-0.3256981100737287,0.600959284699897,-0.5865156509199643,-2.242827621610433,0.5457937598499527,2.4927388666385184,-2.0028137385258296
61.0,2,2,0.2193825013638563,-0.8262294663639526,0.1025531837262668,1,1,3,-0.327305430255024,0.3325323130976407,0.0109828925824013,-1.3221959660874487,1.0973275072028672,-0.4275544813295202,-0.7598679253449151
62.0,3,2,-0.4109272308337371,0.2476659011089431,-0.1474424899181674,5,2,4,-0.1480724045477542,-0.8094537290973276,1.4359940177677142,-0.537193794013418,0.7412817669850216,-0.5711359143597373,0.983239969445404
63.0,4,2,1.1062887100598888,-0.1792266254497549,1.5882761071492624,4,4,1,-0.5634714254250696,0.6774848420913938,0.555240074279424,-0.8312858359510763,0.9091596022138764,-1.7749430445787269,-0.6289453549327747
64.0,5,2,0.4287564384616135,-0.2533775689480149,-0.6222074452947179,2,3,4,-0.4430121532414673,-0.7438609270956342,-1.711473159730459,0.3964085022070677,-1.151593533407956,1.3960915692447435,-0.8288751628002715
65.0,1,2,1.535755991995992,-0.1591848713800608,2.0602981705240784,3,2,1,-0.0397062823469779,-0.5215386447863833,-0.2152444565761547,0.30558019190248,1.1136597067412988,0.968245592371294,1.3095256365144003
66.0,2,2,0.1832344372219061,0.2033882406199434,-0.2254314492280993,4,3,3,0.4424546049697111,-0.9439535247220022,1.782293792704712,0.8937987459354568,-0.8526931146348199,2.417805536116446,1.340254400951829
67.0,3,2,-1.2244690317205005,-1.0085360419431078,-1.277016444970228,2,5,3,-0.3044267628566672,1.3011583486520308,-0.213796861849956,0.7523837327126781,0.2595417655715384,-1.3895233522181258,0.5169904721611418
68.0,4,2,-1.368159199245665,0.7068496408990508,0.0699195809948253,2,2,3,-0.4096489283680019,0.6334215410273492,-1.8004786917341806,1.1408127893613809,0.2582461869972269,1.4581708074791095,-0.4551173340386673
69.0,5,2,1.6509279322312496,0.6626659703854839,-1.076245200318768,3,1,3,0.092354038254458,0.6049933756788733,1.893048885422544,-0.0019184000090541,0.4851225588695809,0.0701355183661273,-0.2394710651163235
70.0,1,2,1.723665720783297,0.385037937656101,-0.7517558478135002,2,2,3,-1.9209159258951816,1.2472114211424503,0.6823925098127926,0.3034669008166697,0.3369566760601905,0.8061002168001363,-0.804149961574959
71.0,2,2,-0.1795192132826006,0.5565334427512632,0.3970333000154911,4,5,3,0.4770351272264581,2.8126492482387238,-0.0700128588128004,0.5115137019191913,-0.8438099785247232,-1.647777141104471,-0.9947731190286448
72.0,3,2,-0.3831873211359877,0.2964180008086595,0.5555820886501248,1,4,3,-0.0005630971229588,-1.7092261039101555,-0.3714177360820686,0.1416566973910257,-1.3498674122957162,1.4680818226652972,-1.0444164883084324
73.0,4,2,1.4614442922422022,2.0350733027310675,-0.6221677002542582,5,5,3,0.0396935265975618,-0.7383765808771081,1.0823519297917354,-0.3971943099170739,0.8723486799617686,0.7865167513318304,-0.6180544067852075
74.0,5,2,-1.107045682043488,-0.0870941710525099,0.9874051450464006,2,5,4,0.960734307594464,-0.6161750841745238,-0.5419834002261925,-0.3324425343397702,0.1858345775189155,-0.0389100347862175,-1.034720990684745
75.0,1,2,-0.8947270189558264,-0.3070832183345767,1.157507758021134,3,1,3,-1.952815530048248,-0.8508196223826928,1.1482564245159883,-0.8175583983299655,1.1493768409578178,0.6451126876611214,-1.563705118543149
76.0,2,2,0.6433267946890444,-0.7535275803573779,1.436301756563291,1,2,4,-1.973833869858964,-1.0775832476037126,0.542195285724256,0.4216168299098296,-0.0447329341878679,-0.7654953010422492,0.2194026697539057
77.0,3,2,-0.3946051228595896,-1.0322626705778368,0.5294134071257222,2,1,5,0.2738038453235195,-0.2996530640553656,0.2446819254873499,-0.0940151740851555,-1.4051643606769604,-0.5794400855816993,0.234595580893437
78.0,4,2,-0.0051218667200712,-1.2444717876010754,1.3634287120856987,4,1,5,-0.0071168551285157,-1.216603715289405,0.1455148053355953,-0.6631737506367649,0.966129681004106,-0.4634446136253962,1.700792758428317
79.0,5,2,-0.1634428985245125,-0.8887973132309185,-1.8807984279740575,2,5,1,0.1701769431919322,0.3350423675374132,-0.1749680367141781,-0.6622448193245927,-0.370370609661107,-1.852727861690278,-0.6683383683547026
80.0,1,2,0.3375745487989335,-0.0706803816520713,-0.3179065486284625,1,5,4,-0.4621270751724455,0.0516983214286146,1.0456401202092658,-1.2103987277827886,0.3420034574210212,0.8617584942033671,0.2961005896232705
81.0,2,2,1.4074818613137168,0.3342951284977145,-0.8670052563234263,3,1,2,0.6643536742399312,0.4810286647636553,-0.8653428321018342,0.9788413412371996,-0.6474594284795192,1.1915936141825665,0.3127125792748016
82.0,3,2,0.0905849069017455,0.0511420585521617,0.119225861127392,1,4,1,0.93263884299112,0.5077284516382525,-1.6219251268302093,0.0786176695317875,1.6443017102336903,-0.7013441497638416,-0.2538375611255331
83.0,4,2,0.6439387932768579,-0.765535277429713,-0.5714492191967373,2,3,4,0.483982293951527,0.6030068534266765,0.6144401228924746,-0.8628000195732701,-0.8765648241831969,0.3482030159448188,0.7443335887496761
84.0,5,2,-2.0501721010310225,0.9001845640199633,-0.1661578419497323,3,1,1,-0.2608284584045831,-0.3734089368238823,0.6312383280671477,0.8085477496020183,-0.3374297541061746,-0.2655404746292363,0.7752291868507144
85.0,1,2,-0.0487184019301179,0.7394126723009475,1.8821748802040492,3,5,5,-2.107689387614403,2.1211434026336677,0.4802411525117667,-0.560448809794373,0.1074487026973163,0.3282739620810305,0.3274110951975399
86.0,2,2,-0.8432302702928711,-0.159648307422017,-0.1697197964203783,4,5,4,0.7692362080371281,0.2344311164820977,0.4077283696180388,-1.4065006270122329,-1.0921823270869582,-0.6275772412110292,-0.2556397050477955
87.0,3,2,-1.218813060423628,-0.652916144664712,0.4137923171902139,4,3,5,1.2217286662175928,-1.862484752624795,-0.3205403783375478,1.021222289219133,0.3305195285875951,-0.8834251560876358,-0.357530108554535
88.0,4,2,-0.8781523669287508,0.5484279208297995,-0.2322693299242352,5,4,4,0.64455841198398,-1.0023757457662177,0.7874827043855253,-0.5370969895661131,1.6119104774674902,1.0520748860237426,-1.3677538987970592
89.0,5,2,-0.334123440700812,0.1879735874861044,0.0757132879568336,1,2,5,-0.8796424273675065,-1.7405029890278156,-0.0455581267545408,-0.4088990902087895,-0.4904621606937104,-0.0638705851244925,-0.8059177786176916
90.0,1,2,0.9159025423560132,-1.4481272594150476,0.0060166804360714,2,4,1,0.6737943936677578,0.0173346291513073,-0.4871135608151781,0.0411800203491774,0.3951428190317255,2.022108950853476,-0.6220075239016879
91.0,2,2,-1.326392717739564,-0.0679802559844049,0.4483240659731595,1,3,5,0.8605297079614455,-0.1218052240533336,-0.3118913122553999,1.1425892227901149,-2.7494353860385554,0.0463099647941399,-1.123971762429434
92.0,3,2,0.0306314925944174,0.262035812074381,1.165307535547177,1,5,1,1.5588162477990857,-0.4684256978994578,2.020639698775832,0.0200372908663116,-0.0389292004848406,-0.9260780403504922,0.4399239666876642
93.0,4,2,-0.4841694333335785,-0.8996947864877538,1.6473939976033294,2,1,2,-0.8761099242279576,2.010926112400514,-1.7349760820454327,-1.1991171261452302,-0.3130422859262053,1.2269408764359389,1.19662786898701
94.0,5,2,-0.3276730943619608,0.189843392837443,0.3096200819091668,3,1,1,-0.2264545845441384,0.5489828740769108,0.4997881042957988,0.5438770041121802,-0.8184976024103849,0.6308001641460198,-0.90806243232915
95.0,1,2,1.002757825304604,-1.4548224852577891,0.5895468860356021,5,5,3,0.7472720511434552,0.7260983614463344,-1.6791104276237172,-0.484989724261724,1.081450469628532,0.7268728636964236,0.2834414357446371
96.0,2,2,0.5381154370039261,1.3361861000121709,-1.150864509185567,4,2,4,0.0574100714381577,-0.9310734879421032,-0.1082333383229732,1.8879239715294664,-0.3262436816238281,1.1906006788679186,-1.0341111395297102
97.0,3,2,1.3373981074427437,1.2479499850594318,-0.0878767424156205,4,2,2,-1.1173276020512748,-0.9991448913310124,-0.4336274851541877,-0.0011197219978901,-0.1774774870935874,-0.6527962938457945,-0.3049221709391621
98.0,4,2,-0.1545056792499004,-0.2525173343029647,0.940289464883589,4,4,5,0.414616285026703,0.0368054990969547,-2.085028296679878,-2.235035497898666,-0.3771928747890711,-0.1272533089852875,-0.6903295791777758
99.0,5,2,-0.695942611670703,0.3634543378390731,0.8659686384171532,1,1,4,0.5786616338151667,0.1730071396522258,0.389037590433763,0.357364972155674,-1.9168158717650765,-0.1714498314877932,0.6018956486064415
100.0,1,2,-0.2238588168804995,-2.409921965799875,0.2116097327950502,5,3,4,0.0879628963310019,-1.856311567114457,-0.3800380621921959,1.9445977922602284,-1.131986440076961,-1.2907465369156184,-0.6787881738421783
101.0,2,2,0.2424967912712216,-1.1563476602653329,0.8863939595679524,5,2,5,0.2195849271799441,-0.180307022849534,-2.099206342561244,1.5759202885453896,0.9610934861202164,-0.2635901501582435,1.0116604137066467
102.0,3,2,0.176573358453711,-0.2937789201521298,0.4907667089938188,1,1,3,-0.2587059016857301,0.0140720828735048,0.8395680907742521,1.8309542887565653,-2.109950646879972,1.3363794578768242,-0.245720773662199
103.0,4,2,-1.0843880722333663,-1.0721330214268592,1.2003062582593216,3,5,2,1.4782789357160593,-0.2151491657711289,1.435006177988935,-1.0197601853814635,-0.7663153496157056,0.237338103793847,-0.6496037095948308
104.0,5,2,0.0904897816278742,0.7143964826306588,0.2893591569571111,5,1,5,-0.9006921837126766,-0.8133904123466764,1.490124342296572,0.9121523959767788,-0.3997200562897638,-1.3460613278449878,-1.253305262345163
105.0,1,2,0.2282283301389051,1.997296530747994,-0.3556983155710346,3,1,3,-0.5873207627637789,-0.53953518192114,0.3589564406514711,-0.7219945397367117,1.743621867291565,-1.555839411664935,0.2532045102953498
106.0,2,2,2.5174740375339204,-1.176614719429302,0.3358412569330236,5,4,4,0.0109855135275256,-0.176859193572796,0.0460581385771154,0.2242893994169245,0.768603765496369,1.6647760587482714,0.8952184022261802
107.0,3,2,1.87684461128167,-0.8374634040851927,-2.930594375852776,5,5,2,0.8789540277008926,0.0908000236100477,1.328156620895797,-1.2729524287397325,-0.5571705270530996,-0.0903190102551299,0.2733212565368742
108.0,4,2,-0.8532433505588201,0.2354483683099303,0.3828857363850494,3,1,2,-1.4973731700945367,0.604791582550568,1.6823835853400984,-0.6444557648827163,1.304513697115551,-0.6474102057016173,2.238831666414424
109.0,5,2,-0.2873833615491761,1.6111161484996208,-3.648412825214784,1,4,1,-1.3102967497654392,1.0808562049508712,1.133568702875625,-0.6762466973636153,-0.7405158205011196,-0.2739917648970031,1.4297874524704182
110.0,1,2,-1.4634420018370031,-1.2223743125399031,-1.723463407405418,2,3,2,-2.037728507734718,-0.2943477235272498,-0.9415376022298012,0.8985552801426162,1.0090998037340055,-1.477307754317332,-0.3075277647170156
111.0,2,2,-0.5907070139634865,0.2490361223069419,0.4517686009409841,2,5,1,0.0326952252532707,-0.4561561961153578,0.2013448532149219,0.8007191216696554,-1.3588772459230156,1.4230951495116198,-0.3180274338070692
112.0,3,2,0.3156050035903405,1.8212988508131087,0.4775293372667952,3,1,4,-1.118305817206544,0.4376556735343062,0.4395161442914286,0.2768197293308208,1.0732578317891572,-0.3930529375860296,0.4696967194853532
113.0,4,2,1.2058536208882336,-1.6517591481792673,-1.1624287801399305,3,5,1,-0.3845501100179167,0.6108449164108543,-1.8096169689172288,-1.3504214180553855,-0.4061336454709856,1.367401527738422,-0.8380191804256851
114.0,5,2,-0.7290838377436085,-1.281069206845832,-0.7121020418789388,3,4,4,0.661378189891708,-0.4342004332588856,0.4693606596207741,-0.31163943394972,-1.0285042409412697,0.0516517144473151,1.1662883065324867
115.0,1,2,-0.6541464400677965,-0.4236066064608382,1.370540988614132,1,5,5,-0.6415427207828466,0.7903934769661722,2.272991825979389,-0.746116482942726,-0.217143613076314,1.4295319745684398,0.3616005218435837
116.0,2,2,-2.147289029738655,-0.520588412855411,-0.4840301315726761,2,2,4,0.2312820227433645,0.9795853411559732,0.6399361658007914,0.869675756694491,0.2773441797202148,0.2566944990430854,0.2564589108585328
117.0,3,2,-0.1626659205449076,0.8126012877536446,2.242920312402985,4,5,3,-0.299337907751722,1.291686465658673,1.4734130814417563,1.1781848528171843,-0.4947484305257121,0.853232662869076,0.6869536677708163
118.0,4,2,-1.062414411859563,0.241659719820838,-0.0019198531763461,1,4,1,0.6721143150964368,1.7783209067198225,0.182914730128705,1.056385586030883,0.5539535059953238,0.7190930460883368,1.722829883369059
119.0,5,2,-0.5294394273660737,-1.7749620596421285,0.4080361768812668,2,1,5,0.4751280673480088,-0.8664161386594389,-0.0732183239838214,-0.7552194194170205,-0.5829938836640675,0.6232910662519707,0.1709553521875051
0.0,1,3,-0.8768607781675882,0.5154104029008109,1.6168743984986076,5,5,1,-0.69193369617461,0.0138982093325111,0.3812713900809755,-2.739533122289479,0.6203723939313579,0.3479344771827106,-0.1130403708713843
1.0,2,3,-0.0942625542525569,-0.5775388873556505,0.1310271161934195,1,4,4,-0.1686517534004526,0.0112776966186601,-0.8158266479844326,-1.7669618981300543,0.4422220620365995,-0.2328507161155849,1.5087196233225784
2.0,3,3,-1.7577283913566313,1.274447216941239,-1.0023439806908012,3,2,4,1.0437433977204944,-0.0980735685325076,-0.9637751872343886,1.4216269780822084,-0.060923054707935,1.91543469157286,0.9675504159911352
3.0,4,3,-1.4670452453909906,-0.6275875364369197,-0.1097274516942901,2,3,1,0.393376870254097,-0.6492629196101362,1.2663045571693656,-0.4012549393198239,-0.4413823123659498,-0.9069369850959008,-0.3209798403837223
4.0,5,3,2.129247112028298,-0.6366152831022357,-0.0356107361900909,1,2,4,-1.3969620577511317,-1.4855620032310717,1.3723423428665182,-0.7507246182651125,0.1515407957652661,0.0043076423431596,0.00518644865902
5.0,1,3,-1.287422581274031,0.5411316108045314,-1.3647416522015654,3,3,1,0.6556180611713827,0.0926794460290038,-0.9911063155873504,1.642660293436234,0.5502537430336992,0.0148858752075954,0.1953809159387985
6.0,2,3,-1.0967855784546396,0.7629264823369366,-0.2558320713408233,3,5,2,-1.0846106224362382,-0.7683556595479125,0.9679988045538644,1.2651599454883269,2.0617991527316084,0.4024407533435215,0.3618129446049828
7.0,3,3,1.836913528321314,0.4480993639362036,-0.7421920939974367,1,5,5,1.412513069961006,0.085993480747625,-0.0869599756060209,0.0244487219197866,0.939420421798181,-0.4294726458945011,-1.356599850939114
8.0,4,3,2.905067169240407,-1.6855973173848082,0.924357757187434,1,2,5,1.024098839841025,-0.7940435416988534,0.3398085744904305,-0.2934030910639739,0.9759899498158412,0.3147463055895877,-1.5424846078015602
9.0,5,3,-1.1715666288253417,0.5380344399282511,0.0346118741852556,1,5,2,0.2898854759184008,-1.0996583458443414,0.4602186394350634,-0.1321012128131252,3.088512194860284,-0.1688425852029661,-0.8873900220024538
10.0,1,3,-0.3682489567880305,-1.034308051674399,-0.28279574914757,4,3,5,0.1572328434361934,0.2342983603768977,0.9943504681243184,0.227162798387466,0.5159584767678441,-1.5819525174378992,-0.9647384430113424
11.0,2,3,0.3415555509405095,0.2352761115882635,-0.1061819306225762,5,4,5,-0.20903225602742,0.1509215268064959,0.0827182018631888,1.600047281319608,0.4846435113117023,0.0095522862568464,-0.6438240139725026
12.0,3,3,1.7286976444055924,-1.4237344353990602,0.2231220184061661,1,4,4,0.6785239514000281,0.579281971320933,1.410161995301936,0.4224674242372267,0.7040150743216541,-1.1005653330301517,0.6347106420900043
13.0,4,3,-0.9868570784282374,0.4463221475430636,0.6168141996897798,2,3,1,-0.3707781694620616,2.1858637664176253,0.3094128397599247,0.7260290330391413,-1.0089659775882531,-1.734385762448901,-0.1689291563247383
14.0,5,3,-0.2452778459421097,-0.8065989043073726,-0.9997122286693814,2,3,2,0.2355698706398938,0.2772895312108468,0.6241842724695326,1.1692701090701714,-0.4439016364187562,0.1368733206893849,0.1963946050101882
15.0,1,3,0.777337576061744,-1.2826346502605217,-1.041587632621272,2,3,4,0.8719343665194511,0.4850817670641296,-0.8332625915372465,-1.169676001024419,-0.506169266692334,0.4878833420195664,-1.2243034100422616
16.0,2,3,0.4347660744666186,0.7138201364823995,1.10467921540253,2,5,5,-0.5618065435255897,-1.0775613288673254,2.158659010704834,0.7548618924740429,0.6476139772195617,0.5266980421045764,-0.4616422029209451
17.0,3,3,-0.3761560712300992,0.2416445216767513,-0.4123368722047306,1,2,5,-0.6161927399906946,-1.2869074405363743,0.4698249232049664,-0.2945687546616113,-0.1741745622211986,0.5671707070196942,0.5872576617448404
18.0,4,3,-0.1338229645160411,-0.6139768013928971,-1.416842092596874,3,2,3,-1.194365480724459,1.5828294467733337,0.7129974253450992,-2.516095195772766,0.1382234254743028,-1.9325890209406105,0.5949524581768018
19.0,5,3,-1.3748958083699818,1.4511788490210642,0.4438127093831046,2,2,2,-1.0644727461261725,-0.9234797799333035,-1.6081858112115417,-2.128169541985812,1.0874546201484645,-1.3610169279074695,-0.7245738281879079
20.0,1,3,-0.2381737439746652,-0.4406524215697424,0.4633698060326869,2,1,5,-1.8283953114415024,-1.043944071468642,-0.822702023079101,-1.0181176115186856,0.8631507387041388,1.9735214368136709,0.1616623863795536
21.0,2,3,-0.2663874900089551,0.0321076739709346,-1.5307152572567064,2,2,2,0.7298287890155296,-0.0390989212165529,1.2378836879187305,0.5312232285925814,-0.161721003041247,-1.047208760077036,2.198847853482332
22.0,3,3,0.2321698896262559,0.2689134476786009,0.2294817154636063,5,1,2,1.8089145420827708,-0.0901924133773883,0.2868911182926047,0.1137995653402964,-0.6699950968782225,0.6108410311366891,-0.0175979292556381
23.0,4,3,-0.555327218819016,-0.6196659341286136,0.7355830924283736,4,1,5,1.4253289434703056,-0.9025065064432916,-1.913779734828926,0.184366707175664,1.1352747316531886,-0.686937621665846,-0.6931869461424454
24.0,5,3,0.471538522545139,0.4711362933999293,0.374386451706263,3,4,3,-1.6260844886265164,-0.3049732187131,1.038289928983819,1.950943482686692,0.7738911809098658,0.0796727392675644,-0.1737623893621602
25.0,1,3,1.0127158178198286,-0.5334523471647244,0.6319814837613953,2,1,2,0.7248546715562,1.2293757176501043,-0.5437828043527234,-1.2690896148598123,-1.6062568182953822,-0.6332542022735941,0.092177107526833
26.0,2,3,0.155429327668466,-0.4116383222162092,-1.404269098090749,5,3,1,1.4221063499235564,-0.8059936088317976,1.411316985876712,-0.0274333541837235,-0.3131539389082808,0.5615411546196448,-0.1511683806905494
27.0,3,3,0.3517564083992034,1.362642639803341,0.3310401549961956,5,4,3,-0.456809980738664,-1.3936724843661716,-0.0878356786036996,0.3044355228138156,0.1655154620167624,0.136774117316699,-0.0313547006765017
28.0,4,3,0.0531553475778673,-1.040586052512433,-0.3026197594704465,1,4,5,0.1014474306500494,0.9425936208997924,0.2047066860205299,-0.7362731165383355,0.7788297171210313,-0.4482897736442336,-1.4434467969368396
29.0,5,3,8.439309141418043e-05,-2.41278033092949,-0.4827901587246448,5,3,3,-2.0078930508046704,0.4922969119380367,1.1789545785916484,0.0283267450829409,0.9101014949397712,-1.0501721196807103,-0.9626304750859512
30.0,1,3,-0.7215580335428474,1.6109369950118944,0.8705556094197265,4,1,4,0.2667361679766415,-0.6205186206486616,-0.8974929708546623,-1.599949334084345,0.2839060011754735,0.2677741974925111,-0.1493352370714975
31.0,2,3,0.316494261673308,2.549327952607003,1.47927451067423,1,5,2,-1.0635597294347174,-1.582167016126918,-0.9928468078339396,1.409906217275028,0.585247531358856,-1.21271879904259,-0.1652679700224367
32.0,3,3,-0.0972865984134894,-0.4052692654493318,1.794370054600359,4,5,4,0.1996350179115145,-0.7446233564385631,-0.1964984203981073,-0.6816145525304338,0.0641368023781536,0.4274810421208385,-0.5661892748600006
33.0,4,3,2.093168308930595,-1.9368380406201853,1.314807871505905,1,4,4,-1.5612029221888803,-0.0547044368492713,0.8271727996212221,2.031400164778503,-0.6738516881805606,2.6264849090369,-0.1770135860764369
34.0,5,3,1.5733549024752425,-0.3104839761959437,-0.1097341816301836,1,1,4,0.5428582244775959,1.165672089883819,-1.3308772526134909,-0.032474323917455,-0.261264391041254,1.350170051262012,0.0610148554142053
35.0,1,3,0.3858465525565008,-0.2862229498406692,0.352720163026343,1,1,4,1.0245126754266898,-1.036581974869657,-1.6680345998890966,1.0280535653991831,0.0189911866401082,0.7183478868941628,0.8894134565245253
36.0,2,3,-0.7630572096947675,-0.189923841022257,0.7668228717842437,3,2,3,-0.7831798617151676,-0.0845198815114734,0.8237209270437923,-0.0533028689911543,-0.0346792500185898,-0.0856072977411476,-0.0992117352260508
37.0,3,3,-1.112411471983418,-1.1133880419218485,0.1211779492994619,4,1,2,-1.1369225814104345,0.675144659894898,-0.6029783125670037,-0.0307438322605298,-1.8855729044434704,-1.9387526270035251,0.3991032052982532
38.0,4,3,1.191142953088865,0.5795611424764774,0.1307641879115443,3,5,4,-2.156023042549981,-2.3812673401219207,-0.3922260129202831,-0.5840293332220078,-0.3974833349294312,-1.3222863959001845,-0.541600301433921
39.0,5,3,0.2627492251471385,0.5245073752860862,0.823753131876182,1,2,5,-0.266413534075177,1.0337861679388998,-1.8568104019401657,0.1191239293662776,0.0562056530891518,1.2827928561027135,0.5720957235984819
40.0,1,3,0.4801434033916108,-1.4944056198193063,-0.0592826460259322,1,2,5,-0.5815939342816051,-1.1824505722064371,-0.6789793143519821,0.3179986944140474,-0.281369991905701,-0.7897560801247798,0.3757302976123567
41.0,2,3,-1.7445859869741926,0.6991967316948878,-0.7292869363736615,5,5,2,-1.5510194123480547,0.3319954934569346,-0.0075672966311506,-0.7842585089151799,-0.2468237955115857,-0.6992520981640467,0.8658170031798195
42.0,3,3,0.9274384815581808,2.052684981945891,-0.4144730658358585,5,5,4,0.4530187563121716,0.246683149610744,0.9303778576228922,-0.1250444158598842,0.4879913708045874,-0.1656504756840214,0.7134604624444878
43.0,4,3,0.4544203382143629,0.1719603324370598,0.6339103777337424,4,2,1,-0.4499703818646491,1.084586391463845,-0.7712301662346388,-0.6100988660571137,-1.078957187048634,-1.062046258846555,0.5887356228811461
44.0,5,3,-1.110430684414478,-0.337325162068506,0.0029932911999557,1,2,3,-1.0757359586452324,0.5509243808935403,1.6573761202324966,2.2996640696148387,-1.6280422139512112,-1.2267687345516365,-0.0984174086577802
45.0,1,3,-0.4715248074499489,-0.1420032144075213,0.3402099768683378,5,3,3,-0.5545724056404471,-2.377290491729981,-0.6845560241798007,-0.0897307699116185,-0.3481697908366748,-0.0504740727814218,0.2449392270444681
46.0,2,3,0.2637172043565196,0.6152567669685612,0.6700792422021898,4,4,2,1.0713045389296156,-0.7847792471559913,-0.6830918015851747,1.5452321516965593,0.7641144055017897,-0.8915294546720363,1.0635089284515264
47.0,3,3,0.0524667983562436,-1.7306716055072182,-0.3748414628976096,3,5,5,0.6029369437552222,0.13820512935328,1.5373575518978022,-0.1956223308076883,1.6875530394866385,-0.7410185797788948,-0.6520745694027944
48.0,4,3,-0.292171185803555,0.1643907029773022,0.7562481636298061,1,5,5,-0.1300260614984898,-0.1949798861197869,0.2114601523639171,0.2592876415349079,0.78212823909474,-0.781191026147006,-0.6284077786968656
49.0,5,3,-0.1034882680659608,-0.3904639494628101,0.3788426034583944,5,5,1,0.6191050184648526,0.4776107297567704,-0.5520247290115766,-1.3213640716452693,-1.4682637598688473,0.5223602138344686,0.1814313979503619
50.0,1,3,-0.2519773782068853,1.8478250129560452,-1.2348130869114786,3,1,2,-1.160911956386739,0.7893665556697054,-0.1551331311805934,-0.4470725918678646,-0.2323672393767711,-0.2321256904953572,0.4152796902654534
51.0,2,3,0.1525625121024685,-0.1741727338049578,1.4423047911862443,1,2,2,0.0323701007270305,0.6084517364296791,1.3530735775420593,0.2105346707892467,0.2566343810815294,-0.1785719678938536,-0.8241064992640045
52.0,3,3,1.471491972993157,1.6678876111195198,-0.5007447437569161,2,3,5,0.1473223304864705,-0.2142749425544652,1.4662028196256818,1.5860038309598667,0.1775911169235922,0.5969458973088833,-0.0747625634133083
53.0,4,3,-2.5666584409312976,-1.1037406977820072,-1.6550953431851838,3,1,3,-0.4698365084987269,-1.8463370111204804,-0.816793179270256,0.2219827776762711,0.539304552942874,-0.1420396082329401,-0.0939987742287847
54.0,5,3,-0.2368502645096842,0.5872591668027922,-1.0450437095863023,1,2,4,0.4354583359574178,-0.4554812488548173,-0.0424338100791082,1.3837203611929991,-0.9170489464607608,-0.2782537684571728,-2.2152801156034707
55.0,1,3,0.1765124213724469,0.3194002637912288,-1.021045160678322,2,1,5,-0.7804334546444512,0.4163681481389552,0.090156827667573,0.6407291102029202,0.0649430875507426,0.4704503555701708,-0.2195939892587597
56.0,2,3,0.2959939896870995,-0.8690472478647824,0.0521733186575334,3,5,4,0.5098207077761179,-1.0904472525504776,-0.9862401105165975,1.6274013394646858,0.420322829776129,0.668197843557631,-0.1573178328484663
57.0,3,3,-0.3719145813212898,0.1773961146369404,-0.2738505055462372,5,1,1,0.5518587715312919,0.6312747301215763,-0.0556850526499943,-0.0590422173050554,0.8256709533036595,-0.1470734995086041,-0.1602929428230191
58.0,4,3,-1.7567217824785826,1.2125188368316004,-0.3368319676405928,1,1,1,-2.917159880697066,0.9083932972673044,0.0053228604517004,2.390222710651804,-0.805718166612792,0.0806077756205216,1.4159142745772682
59.0,5,3,0.3279954837141096,-0.3237917042866007,0.6197019654824789,3,1,2,1.1903057035101177,0.1268669762958425,1.1402094789367356,-0.485396202914123,-0.345156867242898,-0.781790229733328,-1.215798298508875
60.0,1,3,1.727350214164185,-1.6919626491697632,0.3398753611927038,5,1,2,-3.047632565352754,-3.063779866312396,1.207425028311201,-0.766461834197669,-2.70381768007334,-0.8606830431645255,-0.8246225712046127
61.0,2,3,-1.5338614049161376,-0.0175628264774459,0.3160478706442862,5,3,4,-0.6160490255561253,-1.2780883627118034,-0.329209398359008,-1.210052849689034,-0.6214619675777742,0.7691475019668077,-2.612195798319334
62.0,3,3,0.8638280136981883,-0.9024230947925126,0.4098284573286926,5,2,1,1.025348034257755,1.8861891585560815,-0.2139531438608116,2.3310246715580702,-0.524414892971043,0.4449420625446217,-0.4809166661741407
63.0,4,3,-0.3285252231228939,-0.3423409386638824,0.6161346680022383,1,5,2,-0.3172867252524406,-0.546537793028378,0.6642923020556356,0.8194475726178976,-1.019584508167443,0.4552984384165761,-0.3956435541260009
64.0,5,3,-0.0613243458288473,-0.0815877696851209,-2.107953341777443,5,2,2,-1.466185982469542,-1.984143223128996,-0.5851884489270115,-0.3341207333803084,0.1656121502326517,0.2808543487255222,-0.5099771763342562
65.0,1,3,-1.052898510703949,-1.7056522160155172,-0.3644382522644612,5,3,1,-1.0937370617166706,1.2352473883102724,0.5886401517374027,1.249022696873495,-0.0559454320452682,0.0462032758149535,1.10767733948376
66.0,2,3,-0.3344561723558766,-1.615658339320678,-2.180210064489474,2,4,1,1.0269057463206197,0.0133555915436728,-0.0879064873692147,0.687692185117782,-2.2592138775776114,0.6964118908227692,0.8606175223369632
67.0,3,3,1.3000445946989585,0.4820668355255252,0.0360599267977954,3,4,1,-1.9215045305486385,1.1049404889577257,-0.9693985777386208,1.9661274713755903,0.2155079693017564,0.9351087610227838,0.0778567242673041
68.0,4,3,0.582655241987707,-0.5227186961696804,-0.0046329722243453,3,4,3,1.1289911009620173,0.2769586752193653,-0.9568367128796466,-1.5478328327399111,-0.9283241307890274,0.9112280051906476,-0.3706130535398622
69.0,5,3,1.732311605409944,-2.564744341820567,1.0455322747896802,3,2,3,-0.0551020990422893,0.4585591362121688,1.447058696031102,-0.2653601083142545,0.4856889591905151,-0.1007779159459868,1.026189668106864
70.0,1,3,1.1774118889776937,0.7848440366081351,1.1876343927211208,2,3,3,-1.1923953304424335,0.3630092477145166,-0.1564214791432986,-0.4625213839428254,-1.2818512477286654,1.386992729908838,-0.0197578598358516
71.0,2,3,0.4390866789295762,0.2723697552742398,0.2027750482523673,5,5,3,-0.5831150723026911,0.697488311921,1.640354093898311,-1.9736826764086013,0.0300065385309401,0.2284606817323211,-0.8182700389184578
72.0,3,3,1.743934526167792,-0.713874824036484,-0.5003610773968998,5,5,4,-1.0172243411016413,2.2774304485560983,-0.5136362607149101,1.060327204779694,-0.2831633288865059,0.6323761925657985,-1.7162486774845516
73.0,4,3,0.4389931587382987,-1.3168302110582415,0.4851611125457378,2,4,5,0.8662252008585286,0.971006335959188,0.2912052011314934,-0.2703965558033584,0.3031018849503303,0.2820878908348797,-0.4413144938956826
74.0,5,3,0.8279881767970589,0.8358078963143372,-0.5279176373243135,5,4,3,0.7324278097628383,-1.580339317845535,2.392676723018241,0.7396312049865622,0.1246972776513468,0.2470067074841741,0.7546436171726086
75.0,1,3,-0.2965709535347083,0.3493506225604296,-0.0013926514433488,2,5,4,-1.7191611338760466,0.4466615152789034,-1.0573867446632792,2.359771934329612,-0.2551641750214544,-0.7357519902503197,2.2765386895430897
76.0,2,3,0.0665458158592048,2.3826022826840734,0.9861363169607678,4,4,4,-0.4035921185193341,1.1414807681032175,-1.8978144998997768,-0.3532436918276083,-1.5362723140442447,0.701350838344826,0.0616103461894759
77.0,3,3,-0.6974238233002769,0.4201885987249373,-0.5577713459894236,3,5,4,-0.8631856623442771,1.202700806536146,1.2865901312872332,-0.4211529826571552,-1.4772079634610316,2.845294394907639,-0.7653555151203043
78.0,4,3,0.989583934594853,0.3877031412620148,0.8056786392425009,3,1,1,1.2935099684593705,-0.4266049830590995,-0.8268091053930736,0.118664169723996,-0.583886939092219,-0.3747950747900833,-1.184965208284214
79.0,5,3,-1.1783036231148656,-0.1669279301085651,0.6774013686923024,1,2,5,-1.350099118126421,1.1649444451881277,-0.0207063641062337,0.9872473529834096,-0.0082798839295869,0.0709947154249481,0.5519548963055988
80.0,1,3,0.7823503424176613,0.816775867200791,-0.9547918171308216,4,1,1,1.604229104685014,0.9277423995512052,-0.5859182104515849,-0.5667130253101499,-0.608247947199117,-0.4462052643472624,-1.7646160523842684
81.0,2,3,-0.1906510575051594,0.6250852012481537,0.973894128217401,2,1,3,-0.0332947395169375,2.57251743696973,0.2681627809553161,-0.6309615971321306,0.6252119305794656,-0.4880199015619345,0.5503451014048882
82.0,3,3,1.1712470934673194,1.251725008565195,0.6985663453715051,2,3,4,-1.1619344063800876,-0.7500017362485115,-0.9505362071857422,1.057189270241366,-0.2792209192116837,1.5444494781186728,0.8177116062629123
83.0,4,3,0.7508689887312598,-0.5213229186372847,0.1019258873726574,1,2,3,-0.6772741840092779,-0.5074005764004252,-0.1799400878833061,0.3786393238380355,-0.9650127247795104,-0.6729710177274647,0.436279453232864
84.0,5,3,1.8206461576468016,-0.4354074729439623,-0.7623234580276522,5,3,2,-0.8016188407684506,-0.3061190484599539,0.4498153265565342,-2.0447282630048207,-0.2780962929879093,-0.4740804733663613,-0.2196616719385574
85.0,1,3,0.7307746911386448,-0.4791031709119801,-0.85920601857557,1,3,5,-1.274618402015506,-0.4902221500387753,-1.008308886274262,-1.225391799469108,0.2258598363165523,-1.5874928237313013,0.5649406535468146
86.0,2,3,-1.572040255653241,0.7908017211789892,-0.5376625769030224,4,4,1,0.0948268597303756,-0.890020749763603,-0.7000840296458889,1.5012358638272103,0.3248847188245844,-0.7576117245422473,0.1709383711282999
87.0,3,3,-0.0669531728982008,1.498374440296732,0.54259446329196,5,5,2,-1.227915550691843,-2.762675505673743,-0.3473828335985318,0.4019282830788125,1.8783791319931291,-1.7083998929533477,-0.7781238418605918
88.0,4,3,-1.172007192594816,-0.4588404931493006,-0.955625167401398,1,5,5,-2.1803662087381888,-0.4346994737231341,-1.4288154342262782,-0.762195931037249,-0.6689093400034194,0.6318046992119288,1.8504123223750255
89.0,5,3,-0.5182798423662747,-0.4247737277930912,0.4375122486198699,3,2,4,-0.3796764708481731,0.3693580596999044,-0.4225609827987464,-0.1704096572349821,-0.0734786615904003,2.799697221837309,-0.3516793796105163
90.0,1,3,1.5112284332767216,0.3140772238697992,-1.2417555288783926,3,2,1,-1.8028561964178824,-0.4932218455059107,0.1187965399029018,0.0132366728016702,0.4261239468194264,-0.3666787936505221,0.7757523004499094
91.0,2,3,0.637533810897696,-0.2457615000129014,-0.2040685844388489,2,4,4,-0.7521608680675204,1.9353811835291097,-0.3995489415884284,0.7357333602801638,-0.0234229592008153,-1.6667579329902371,-2.4186142826957147
92.0,3,3,-0.6989304285787463,0.95205365313989,0.1096477545740086,4,1,5,-0.909102888603356,0.0133758127158625,-0.2713764929317245,-1.3582633948587894,-0.5006181459886532,0.8999996644297332,1.276470882780929
93.0,4,3,-1.013717366440399,-2.2517772906190467,2.4451301450589167,3,3,1,-0.8712160720258142,1.2910290551841357,-0.0199016709065853,-0.8409491386704581,-1.5492571763442435,-0.7269249589301569,1.4687637446545818
94.0,5,3,0.0327820928762607,-0.8267050469168946,-1.3773156555203674,3,3,3,2.0009631015901537,0.2614204127299683,-0.655743462432314,0.2729557548633888,-0.5108345590530156,1.2993469305535403,0.0298337871266382
95.0,1,3,-1.2165601493811278,-0.7824163339614458,1.4720145664901334,3,1,3,0.0564115671695707,0.826407309893258,0.6910625658668772,-0.0998345804954503,-1.073702412717801,-0.2820290477899447,0.5587710347377585
96.0,2,3,-0.6711402773965811,-2.320356012386145,0.14984241398728,5,4,1,0.2453710089953321,0.2792415539335622,1.4359781248017758,0.5718591826367099,-1.7266066811237784,-0.6318156890827807,0.5585151816075627
97.0,3,3,0.3120094715512438,-0.963638444368804,0.4111719180159631,4,2,2,-1.7763982963422946,1.3687846319035628,-0.4643803921954484,-1.2295073973595978,-0.7956788416705864,-0.1779575557456864,-0.6427835696407243
98.0,4,3,1.1553120361066962,-0.9151561158459262,0.1183479133882045,2,1,1,-0.6539631336369219,0.0559393501324007,0.4851982314777071,0.3571286762713211,-1.0470917207664543,0.7577767609361872,0.5471223054393403
99.0,5,3,0.6087614722244398,-0.2011046545188303,0.444726818195233,5,4,1,0.2153026299415119,0.4961207080887857,-0.2396171554346469,1.0915836193774722,0.5837865452929482,-0.2274206307556564,-0.8086304698725554
100.0,1,3,-2.2912895085981,1.1129658916602636,-0.1536851043620177,5,1,3,-1.0245289129130064,0.3663329336500437,0.3654873450385047,0.4868185471492834,0.6010918374142937,-0.4967247027937054,-0.6087569236453261
101.0,2,3,0.3043667290302598,-0.2450606511907023,1.4540501814574582,5,4,3,0.9080628435179854,-0.2882854581273188,1.5657795312032543,0.1391117397615918,-0.9038792895808748,-0.1988316029788718,1.1269431432122987
102.0,3,3,0.0720335732325779,-1.0308137202711538,-0.4564711442247224,4,1,2,-1.20269658590103,0.4049823189246768,0.5086595430180988,-0.0958836025659708,-0.2602286305631211,-1.271855184500885,0.9746576907002028
103.0,4,3,0.413890285372693,-0.0569545412135289,1.1322345721792475,2,3,2,-0.2863661358651756,2.234386246197682,-1.7734145388096807,-0.8348511527715018,-1.8582426621125356,0.3970316022939801,-0.7063755021157926
104.0,5,3,1.6162096816512073,1.0491736214413494,-0.6443671202130229,4,5,1,-0.5860516399755586,-0.270396942095442,0.4539956314469589,-0.0719985924397884,-0.4943399501826941,-1.7867265938449102,-0.7335763435010406
105.0,1,3,-2.063238276804743,-0.9759588161149048,-0.0602518464012869,2,2,4,0.1643206593819159,0.4194648928532483,1.2328637433090093,1.259705852880406,0.3989819007023456,-0.4441214543655153,-0.6455966024576721
106.0,2,3,-0.5911034251911056,-0.9105748839214486,-1.0719625522902192,2,4,2,-0.640490071855426,1.2577789508694428,-0.2215961699981027,-0.1190285066001252,0.8249378896141027,0.7593852088307432,0.7326395664654908
107.0,3,3,0.5909063227933546,0.5585489592742234,0.4550237203475199,3,4,5,-0.2708936270709373,1.1402532809442802,0.9956348061178324,-0.8898039893484101,-0.7130470816913138,0.3030482829327168,-0.9999847808103972
108.0,4,3,-1.5815943994539423,-0.2215361157308005,1.4451259569265338,5,5,3,-0.2361300917779855,0.0117164177193652,-0.690115541151946,-0.4922470887653863,1.0518548605275198,0.5903205729863903,0.3567126390359526
109.0,5,3,1.475949048053509,0.6474846907094743,-0.077356179820854,3,1,5,-0.734387757391301,-2.3833887029573617,-1.4855391595222738,0.2008502972759301,-1.5156919215134717,-0.0650456727188091,0.7468468106342946
110.0,1,3,0.3683566127006584,-0.0136467917952967,-0.1968856987039095,2,4,4,0.4850938684971126,0.5167028186484662,0.1411690188326401,-0.3735139971808469,-1.2476277991437923,1.1697461809855167,-0.0882454502931001
111.0,2,3,0.846583985843404,0.701663648089567,-1.1146169630679268,3,5,2,0.2383883748374252,-2.2194742586230527,-1.756476720746314,0.4853032830631407,0.7096618656378763,0.924699196769792,1.0100636968649277
112.0,3,3,-0.5709436615217945,-1.0350781140406409,-0.2292926535523081,2,4,4,-0.0886139452531673,1.469937230941231,-0.2397710128935917,0.5228437607490304,1.6711212285632473,0.4461410042476745,-0.3043101694897924
113.0,4,3,0.8137636899662105,-0.0120846507882674,-1.5927942597215277,4,1,2,-0.4304583334619581,0.1694738711932605,1.286842262645503,0.8889831804046482,0.4934319881836954,0.927545777313543,-0.2138556009939144
114.0,5,3,1.0684715559890383,-0.2106900143631568,-0.9128779867188273,2,5,1,0.796544030519997,0.999674019871989,-1.9097629057462808,1.4235594722650329,-0.0403423865340124,0.7504235544035768,-0.9772462311318564
115.0,1,3,0.2328780201371683,-1.215890924104131,0.2267860461091354,3,1,2,-0.2358342438141813,-0.9021111381810512,-1.279496795913898,0.9958587243723608,-2.1951837465222086,-0.4394635133468902,1.0171773476202053
116.0,2,3,0.2344008926986959,-1.5634779478686884,1.319013197741396,2,3,2,-0.3066972878259372,-1.5525074733000543,-1.0320322451615775,-0.93423906414796,-2.0224470560434797,-1.3438989116913336,-0.7665204469788703
117.0,3,3,0.2703432392817259,0.6857490352746618,2.809210861229503,2,3,1,0.104690029888126,0.2607543841411672,-0.0633198597109599,-0.9035344465762722,0.1294095368958689,0.4203621258426238,0.3497718177150592
118.0,4,3,-0.8633452647393817,-0.3509523822179781,-0.5865850850709007,5,3,1,1.6965866829708507,-0.0336034399561419,-0.3657167856462092,-0.0757714764598244,-0.3580626695711745,0.5460892308314287,-0.0713160671259347
119.0,5,3,-0.1475286802403529,-1.0222802816473295,1.43530015664544,2,3,5,-1.340356208021204,-0.4915408261571657,1.3991363816960871,-0.4511753572394145,-1.105835182152118,1.0904719911385654,-1.0527830631116626
