exposure_score,recommendation,expectation,age,region
0.0,middle,1,23,Kanto
1.0,low,1,51,Kansai
2.0,high,1,46,Kyushu
3.0,middle,1,37,Kanto
4.0,low,1,37,Kansai
5.0,high,1,55,Kyushu
6.0,middle,1,23,Kanto
7.0,low,1,48,Kansai
8.0,high,1,28,Kyushu
9.0,middle,1,23,Kanto
10.0,low,1,41,Kansai
11.0,high,1,60,Kyushu
12.0,middle,1,50,Kanto
13.0,low,1,51,Kansai
14.0,high,1,49,Kyushu
15.0,middle,1,52,Kanto
16.0,low,1,41,Kansai
17.0,high,1,25,Kyushu
18.0,middle,1,54,Kanto
19.0,low,1,38,Kansai
20.0,high,1,40,Kyushu
21.0,middle,1,35,Kanto
22.0,low,1,27,Kansai
23.0,high,1,57,Kyushu
24.0,middle,1,52,Kanto
25.0,low,1,46,Kansai
26.0,high,1,36,Kyushu
27.0,middle,1,53,Kanto
28.0,low,1,42,Kansai
29.0,high,1,38,Kyushu
30.0,middle,1,38,Kanto
31.0,low,1,29,Kansai
32.0,high,1,23,Kyushu
33.0,middle,1,42,Kanto
34.0,low,1,56,Kansai
35.0,high,1,22,Kyushu
36.0,middle,1,55,Kanto
37.0,low,1,53,Kansai
38.0,high,1,31,Kyushu
39.0,middle,1,45,Kanto
40.0,low,1,26,Kansai
41.0,high,1,51,Kyushu
42.0,middle,1,48,Kanto
43.0,low,1,34,Kansai
44.0,high,1,22,Kyushu
45.0,middle,1,59,Kanto
46.0,low,1,38,Kansai
47.0,high,1,56,Kyushu
48.0,middle,1,47,Kanto
49.0,low,1,51,Kansai
50.0,high,1,51,Kyushu
51.0,middle,1,27,Kanto
52.0,low,1,34,Kansai
53.0,high,1,39,Kyushu
54.0,middle,1,40,Kanto
55.0,low,1,21,Kansai
56.0,high,1,42,Kyushu
57.0,middle,1,26,Kanto
58.0,low,1,50,Kansai
59.0,high,1,48,Kyushu
60.0,middle,1,57,Kanto
61.0,low,1,50,Kansai
62.0,high,1,35,Kyushu
63.0,middle,1,59,Kanto
64.0,low,1,36,Kansai
65.0,high,1,33,Kyushu
66.0,middle,1,57,Kanto
67.0,low,1,35,Kansai
68.0,high,1,23,Kyushu
69.0,middle,1,39,Kanto
70.0,low,1,52,Kansai
71.0,high,1,27,Kyushu
72.0,middle,1,38,Kanto
73.0,low,1,25,Kansai
74.0,high,1,48,Kyushu
75.0,middle,1,39,Kanto
76.0,low,1,33,Kansai
77.0,high,1,29,Kyushu
78.0,middle,1,43,Kanto
79.0,low,1,47,Kansai
80.0,high,1,58,Kyushu
81.0,middle,1,37,Kanto
82.0,low,1,26,Kansai
83.0,high,1,54,Kyushu
84.0,middle,1,45,Kanto
85.0,low,1,48,Kansai
86.0,high,1,23,Kyushu
87.0,middle,1,32,Kanto
88.0,low,1,51,Kansai
89.0,high,1,54,Kyushu
90.0,middle,1,37,Kanto
91.0,low,1,52,Kansai
92.0,high,1,54,Kyushu
93.0,middle,1,35,Kanto
94.0,low,1,56,Kansai
95.0,high,1,31,Kyushu
96.0,middle,1,29,Kanto
97.0,low,1,47,Kansai
98.0,high,1,46,Kyushu
99.0,middle,1,25,Kanto
100.0,low,1,54,Kansai
101.0,high,1,28,Kyushu
102.0,middle,1,53,Kanto
103.0,low,1,20,Kansai
104.0,high,1,52,Kyushu
105.0,middle,1,52,Kanto
106.0,low,1,51,Kansai
107.0,high,1,47,Kyushu
108.0,middle,1,39,Kanto
109.0,low,1,48,Kansai
110.0,high,1,31,Kyushu
111.0,middle,1,52,Kanto
112.0,low,1,42,Kansai
113.0,high,1,38,Kyushu
114.0,middle,1,40,Kanto
115.0,low,1,43,Kansai
116.0,high,1,21,Kyushu
117.0,middle,1,25,Kanto
118.0,low,1,30,Kansai
119.0,high,1,24,Kyushu
0.0,low,2,38,Kanto
1.0,high,2,47,Kansai
2.0,middle,2,46,Kyushu
3.0,low,2,39,Kanto
4.0,high,2,55,Kansai
5.0,middle,2,43,Kyushu
6.0,low,2,23,Kanto
7.0,high,2,51,Kansai
8.0,middle,2,43,Kyushu
9.0,low,2,46,Kanto
10.0,high,2,43,Kansai
11.0,middle,2,42,Kyushu
12.0,low,2,23,Kanto
13.0,high,2,42,Kansai
14.0,middle,2,52,Kyushu
15.0,low,2,32,Kanto
16.0,high,2,44,Kansai
17.0,middle,2,21,Kyushu
18.0,low,2,34,Kanto
19.0,high,2,37,Kansai
20.0,middle,2,60,Kyushu
21.0,low,2,28,Kanto
22.0,high,2,31,Kansai
23.0,middle,2,36,Kyushu
24.0,low,2,60,Kanto
25.0,high,2,54,Kansai
26.0,middle,2,21,Kyushu
27.0,low,2,29,Kanto
28.0,high,2,53,Kansai
29.0,middle,2,22,Kyushu
30.0,low,2,55,Kanto
31.0,high,2,31,Kansai
32.0,middle,2,57,Kyushu
33.0,low,2,32,Kanto
34.0,high,2,37,Kansai
35.0,middle,2,47,Kyushu
36.0,low,2,25,Kanto
37.0,high,2,42,Kansai
38.0,middle,2,40,Kyushu
39.0,low,2,52,Kanto
40.0,high,2,60,Kansai
41.0,middle,2,47,Kyushu
42.0,low,2,36,Kanto
43.0,high,2,36,Kansai
44.0,middle,2,37,Kyushu
45.0,low,2,53,Kanto
46.0,high,2,33,Kansai
47.0,middle,2,26,Kyushu
48.0,low,2,33,Kanto
49.0,high,2,20,Kansai
50.0,middle,2,24,Kyushu
51.0,low,2,23,Kanto
52.0,high,2,51,Kansai
53.0,middle,2,49,Kyushu
54.0,low,2,48,Kanto
55.0,high,2,38,Kansai
56.0,middle,2,49,Kyushu
57.0,low,2,26,Kanto
58.0,high,2,56,Kansai
59.0,middle,2,40,Kyushu
60.0,low,2,58,Kanto
61.0,high,2,26,Kansai
62.0,middle,2,40,Kyushu
63.0,low,2,48,Kanto
64.0,high,2,40,Kansai
65.0,middle,2,38,Kyushu
66.0,low,2,26,Kanto
67.0,high,2,35,Kansai
68.0,middle,2,29,Kyushu
69.0,low,2,32,Kanto
70.0,high,2,48,Kansai
71.0,middle,2,45,Kyushu
72.0,low,2,44,Kanto
73.0,high,2,34,Kansai
74.0,middle,2,59,Kyushu
75.0,low,2,23,Kanto
76.0,high,2,34,Kansai
77.0,middle,2,24,Kyushu
78.0,low,2,33,Kanto
79.0,high,2,59,Kansai
80.0,middle,2,35,Kyushu
81.0,low,2,57,Kanto
82.0,high,2,40,Kansai
83.0,middle,2,48,Kyushu
84.0,low,2,38,Kanto
85.0,high,2,30,Kansai
86.0,middle,2,51,Kyushu
87.0,low,2,59,Kanto
88.0,high,2,30,Kansai
89.0,middle,2,51,Kyushu
90.0,low,2,30,Kanto
91.0,high,2,49,Kansai
92.0,middle,2,52,Kyushu
93.0,low,2,38,Kanto
94.0,high,2,50,Kansai
95.0,middle,2,31,Kyushu
96.0,low,2,23,Kanto
97.0,high,2,23,Kansai
98.0,middle,2,38,Kyushu
99.0,low,2,57,Kanto
100.0,high,2,25,Kansai
101.0,middle,2,38,Kyushu
102.0,low,2,48,Kanto
103.0,high,2,28,Kansai
104.0,middle,2,49,Kyushu
105.0,low,2,32,Kanto
106.0,high,2,53,Kansai
107.0,middle,2,43,Kyushu
108.0,low,2,42,Kanto
109.0,high,2,27,Kansai
110.0,middle,2,38,Kyushu
111.0,low,2,55,Kanto
112.0,high,2,20,Kansai
113.0,middle,2,51,Kyushu
114.0,low,2,40,Kanto
115.0,high,2,49,Kansai
116.0,middle,2,47,Kyushu
117.0,low,2,37,Kanto
118.0,high,2,32,Kansai
119.0,middle,2,45,Kyushu
0.0,high,3,25,Kanto
1.0,middle,3,43,Kansai
2.0,low,3,23,Kyushu
3.0,high,3,46,Kanto
4.0,middle,3,45,Kansai
5.0,low,3,23,Kyushu
6.0,high,3,51,Kanto
7.0,middle,3,37,Kansai
8.0,low,3,52,Kyushu
9.0,high,3,21,Kanto
10.0,middle,3,27,Kansai
11.0,low,3,40,Kyushu
12.0,high,3,27,Kanto
13.0,middle,3,33,Kansai
14.0,low,3,47,Kyushu
15.0,high,3,25,Kanto
16.0,middle,3,47,Kansai
17.0,low,3,24,Kyushu
18.0,high,3,27,Kanto
19.0,middle,3,44,Kansai
20.0,low,3,52,Kyushu
21.0,high,3,26,Kanto
22.0,middle,3,32,Kansai
23.0,low,3,57,Kyushu
24.0,high,3,60,Kanto
25.0,middle,3,43,Kansai
26.0,low,3,38,Kyushu
27.0,high,3,34,Kanto
28.0,middle,3,45,Kansai
29.0,low,3,44,Kyushu
30.0,high,3,32,Kanto
31.0,middle,3,20,Kansai
32.0,low,3,26,Kyushu
33.0,high,3,59,Kanto
34.0,middle,3,37,Kansai
35.0,low,3,39,Kyushu
36.0,high,3,39,Kanto
37.0,middle,3,52,Kansai
38.0,low,3,22,Kyushu
39.0,high,3,23,Kanto
40.0,middle,3,31,Kansai
41.0,low,3,39,Kyushu
42.0,high,3,47,Kanto
43.0,middle,3,40,Kansai
44.0,low,3,38,Kyushu
45.0,high,3,58,Kanto
46.0,middle,3,26,Kansai
47.0,low,3,43,Kyushu
48.0,high,3,42,Kanto
49.0,middle,3,39,Kansai
50.0,low,3,53,Kyushu
51.0,high,3,30,Kanto
52.0,middle,3,59,Kansai
53.0,low,3,33,Kyushu
54.0,high,3,42,Kanto
55.0,middle,3,41,Kansai
56.0,low,3,54,Kyushu
57.0,high,3,37,Kanto
58.0,middle,3,31,Kansai
59.0,low,3,20,Kyushu
60.0,high,3,34,Kanto
61.0,middle,3,53,Kansai
62.0,low,3,20,Kyushu
63.0,high,3,56,Kanto
64.0,middle,3,42,Kansai
65.0,low,3,25,Kyushu
66.0,high,3,32,Kanto
67.0,middle,3,42,Kansai
68.0,low,3,32,Kyushu
69.0,high,3,24,Kanto
70.0,middle,3,47,Kansai
71.0,low,3,47,Kyushu
72.0,high,3,24,Kanto
73.0,middle,3,31,Kansai
74.0,low,3,29,Kyushu
75.0,high,3,47,Kanto
76.0,middle,3,49,Kansai
77.0,low,3,49,Kyushu
78.0,high,3,58,Kanto
79.0,middle,3,51,Kansai
80.0,low,3,33,Kyushu
81.0,high,3,24,Kanto
82.0,middle,3,45,Kansai
83.0,low,3,57,Kyushu
84.0,high,3,59,Kanto
85.0,middle,3,29,Kansai
86.0,low,3,29,Kyushu
87.0,high,3,21,Kanto
88.0,middle,3,25,Kansai
89.0,low,3,42,Kyushu
90.0,high,3,42,Kanto
91.0,middle,3,35,Kansai
92.0,low,3,32,Kyushu
93.0,high,3,54,Kanto
94.0,middle,3,38,Kansai
95.0,low,3,53,Kyushu
96.0,high,3,59,Kanto
97.0,middle,3,33,Kansai
98.0,low,3,28,Kyushu
99.0,high,3,59,Kanto
100.0,middle,3,46,Kansai
101.0,low,3,31,Kyushu
102.0,high,3,45,Kanto
103.0,middle,3,41,Kansai
104.0,low,3,57,Kyushu
105.0,high,3,30,Kanto
106.0,middle,3,60,Kansai
107.0,low,3,58,Kyushu
108.0,high,3,27,Kanto
109.0,middle,3,26,Kansai
110.0,low,3,41,Kyushu
111.0,high,3,21,Kanto
112.0,middle,3,32,Kansai
113.0,low,3,37,Kyushu
114.0,high,3,59,Kanto
115.0,middle,3,60,Kansai
116.0,low,3,26,Kyushu
117.0,high,3,56,Kanto
118.0,middle,3,23,Kansai
119.0,low,3,50,Kyushu
